-- --------------------------------------------------------
-- Host:                         127.0.0.1
-- Server version:               5.7.33 - MySQL Community Server (GPL)
-- Server OS:                    Win64
-- HeidiSQL Version:             11.2.0.6213
-- --------------------------------------------------------

/*!40101 SET @OLD_CHARACTER_SET_CLIENT=@@CHARACTER_SET_CLIENT */;
/*!40101 SET NAMES utf8 */;
/*!50503 SET NAMES utf8mb4 */;
/*!40014 SET @OLD_FOREIGN_KEY_CHECKS=@@FOREIGN_KEY_CHECKS, FOREIGN_KEY_CHECKS=0 */;
/*!40101 SET @OLD_SQL_MODE=@@SQL_MODE, SQL_MODE='NO_AUTO_VALUE_ON_ZERO' */;
/*!40111 SET @OLD_SQL_NOTES=@@SQL_NOTES, SQL_NOTES=0 */;

-- Dumping structure for table balinet_task.category_clients
CREATE TABLE IF NOT EXISTS `category_clients` (
  `id` bigint(20) NOT NULL AUTO_INCREMENT,
  `nama_kategori` varchar(225) NOT NULL,
  `status` int(11) NOT NULL DEFAULT '1',
  `created_at` timestamp NULL DEFAULT NULL,
  `updated_at` timestamp NULL DEFAULT NULL,
  PRIMARY KEY (`id`)
) ENGINE=InnoDB AUTO_INCREMENT=14 DEFAULT CHARSET=utf8mb4;

-- Dumping data for table balinet_task.category_clients: ~13 rows (approximately)
/*!40000 ALTER TABLE `category_clients` DISABLE KEYS */;
INSERT INTO `category_clients` (`id`, `nama_kategori`, `status`, `created_at`, `updated_at`) VALUES
	(1, 'Event Organizer', 1, '2022-04-09 16:41:22', '2022-04-15 02:20:40'),
	(2, 'Yayasan Sosial', 1, '2022-04-09 16:41:31', '2022-04-13 02:30:15'),
	(3, 'Personal', 1, '2022-04-10 08:22:46', '2022-04-13 02:37:08'),
	(4, 'Hotel & Villa', 1, '2022-04-14 05:05:54', '2022-04-14 05:05:54'),
	(5, 'Industri', 1, '2022-04-14 05:06:19', '2022-04-14 05:06:19'),
	(6, 'Perdagangan', 1, '2022-04-14 05:06:37', '2022-04-14 05:06:37'),
	(7, 'Jasa', 1, '2022-04-14 05:06:49', '2022-04-14 05:06:49'),
	(8, 'Perusahaan IT', 1, NULL, NULL),
	(9, 'Digital Trading', 1, '2022-04-19 12:52:15', '2022-04-19 12:52:15'),
	(10, 'Farmasi', 1, '2022-04-20 21:34:21', '2022-04-20 21:34:21'),
	(11, 'Restoran', 1, '2022-04-23 00:14:55', '2022-04-23 00:14:55'),
	(12, 'organisasi', 1, '2022-04-23 01:00:22', '2022-04-23 01:00:22'),
	(13, 'Pariwisata', 1, '2022-04-23 01:01:31', '2022-04-23 01:01:31');
/*!40000 ALTER TABLE `category_clients` ENABLE KEYS */;

-- Dumping structure for table balinet_task.clients
CREATE TABLE IF NOT EXISTS `clients` (
  `id` bigint(20) NOT NULL AUTO_INCREMENT,
  `perusahaan_id` bigint(20) NOT NULL,
  `kategori_client_id` bigint(20) NOT NULL,
  `user_id` bigint(11) NOT NULL,
  `companyclient_id` bigint(20) NOT NULL,
  `nama_company` varchar(225) NOT NULL,
  `nama_client` varchar(225) NOT NULL,
  `no_telp` varchar(20) DEFAULT NULL,
  `alamat` text,
  `logo` text,
  `status` int(11) NOT NULL,
  `created_at` timestamp NULL DEFAULT NULL,
  `updated_at` timestamp NULL DEFAULT NULL,
  PRIMARY KEY (`id`)
) ENGINE=InnoDB AUTO_INCREMENT=28 DEFAULT CHARSET=utf8mb4;

-- Dumping data for table balinet_task.clients: ~22 rows (approximately)
/*!40000 ALTER TABLE `clients` DISABLE KEYS */;
INSERT INTO `clients` (`id`, `perusahaan_id`, `kategori_client_id`, `user_id`, `companyclient_id`, `nama_company`, `nama_client`, `no_telp`, `alamat`, `logo`, `status`, `created_at`, `updated_at`) VALUES
	(6, 1, 1, 19, 23, 'Fairdy EO', 'Fairdy', '012345678', 'Sanur Denpasar', '', 1, '2022-04-13 01:37:18', '2022-04-14 11:22:39'),
	(7, 1, 2, 20, 2, 'Senyum Bali', 'Yayasan Senyum', '01234567', 'Denpasar', '', 1, '2022-04-13 02:17:13', '2022-04-13 02:17:35'),
	(8, 1, 3, 21, 3, 'Nia Cak Mat', 'Nia Cak mat', '0812345678', 'Denpasar', '', 1, '2022-04-13 02:39:27', '2022-04-13 02:39:27'),
	(9, 1, 3, 23, 4, 'Seventh Sky', 'Yunita Aryani', '012345678', 'Denpasar Bali', '', 1, '2022-04-13 23:23:58', '2022-04-13 23:23:59'),
	(10, 1, 1, 28, 5, 'Harmany Bali', 'Ngurah Dwi Putra', '12345678', 'Pure Demak Bali', '', 1, '2022-04-14 06:04:55', '2022-04-14 06:04:55'),
	(11, 1, 1, 29, 6, 'Kitara Indo Project', 'Teguh Otong', '12345678', 'Pure Demak Bali 76R', '', 1, '2022-04-14 06:20:49', '2022-04-15 02:38:49'),
	(12, 1, 7, 30, 7, 'Nusa Bari Studio', 'Berly', NULL, NULL, '', 1, '2022-04-15 03:10:27', '2022-04-15 03:10:27'),
	(13, 1, 3, 31, 8, 'Nigel Easton', 'Nigel Easton', NULL, NULL, '', 1, '2022-04-15 03:11:09', '2022-04-15 03:11:09'),
	(14, 1, 3, 32, 9, 'Wayan Darsana', 'Leo Darsana', NULL, NULL, '', 1, '2022-04-15 03:12:12', '2022-04-15 03:12:12'),
	(15, 1, 8, 1, 10, 'CV.Balinet Intermedia', 'CV.Balinet Intermedia', '081317747171', 'Jln pulau Ayu no 27', NULL, 1, NULL, NULL),
	(16, 1, 8, 33, 11, 'PT. Global Digital Verse', 'PT. Global Digital Verse', '081317747171', 'Jln Pulau Ayu no 27', '', 1, '2022-04-16 07:30:32', '2022-04-16 07:30:32'),
	(17, 1, 1, 34, 12, 'Kitara Indo Project', 'Gede Kitara', NULL, NULL, '', 1, '2022-04-19 01:02:44', '2022-04-19 01:02:44'),
	(18, 1, 1, 35, 13, 'PT. Global Management', 'Astrid', NULL, NULL, '', 1, '2022-04-19 07:49:12', '2022-04-19 07:49:12'),
	(19, 1, 9, 36, 14, 'Robot Trading', 'Mahendra', NULL, NULL, '', 1, '2022-04-19 12:53:05', '2022-04-19 12:53:05'),
	(20, 1, 10, 37, 15, 'Vita Jaya', 'Kevin', NULL, NULL, '', 1, '2022-04-20 21:34:56', '2022-04-20 21:34:56'),
	(21, 1, 1, 38, 16, 'Bali Jepun Wedding', 'Dyah Loka Santi', NULL, NULL, '', 1, '2022-04-20 23:55:26', '2022-04-20 23:55:26'),
	(22, 1, 7, 39, 17, 'Mata Camera Studio', 'Mata Studio', NULL, NULL, '', 1, '2022-04-22 00:18:12', '2022-04-22 00:19:52'),
	(23, 1, 11, 40, 18, 'Mukbang', 'Mukbang', NULL, NULL, '', 1, '2022-04-23 00:19:11', '2022-04-23 00:19:11'),
	(24, 1, 12, 41, 19, 'GTL', 'GTL', NULL, NULL, '', 1, '2022-04-23 01:18:00', '2022-04-23 01:18:00'),
	(25, 1, 7, 42, 20, 'Global Podcast bali', 'Global Podcast bali', NULL, NULL, '', 1, '2022-04-23 01:18:43', '2022-04-23 01:18:43'),
	(26, 1, 7, 43, 21, 'Global Management', 'Global Management', NULL, NULL, '', 1, '2022-04-23 01:19:37', '2022-04-23 01:19:37'),
	(27, 1, 13, 44, 22, 'Villah Nusatrip', 'Villah Nusatrip', NULL, NULL, '', 1, '2022-04-23 02:41:19', '2022-04-23 02:41:20');
/*!40000 ALTER TABLE `clients` ENABLE KEYS */;

-- Dumping structure for table balinet_task.companies
CREATE TABLE IF NOT EXISTS `companies` (
  `id` bigint(20) NOT NULL AUTO_INCREMENT,
  `nama_perusahaan` varchar(225) NOT NULL,
  `status` int(11) NOT NULL,
  `created_at` timestamp NULL DEFAULT NULL,
  `updated_at` timestamp NULL DEFAULT NULL,
  PRIMARY KEY (`id`)
) ENGINE=InnoDB AUTO_INCREMENT=2 DEFAULT CHARSET=utf8mb4;

-- Dumping data for table balinet_task.companies: ~0 rows (approximately)
/*!40000 ALTER TABLE `companies` DISABLE KEYS */;
INSERT INTO `companies` (`id`, `nama_perusahaan`, `status`, `created_at`, `updated_at`) VALUES
	(1, 'CV. Balinet Intermedia', 1, NULL, NULL);
/*!40000 ALTER TABLE `companies` ENABLE KEYS */;

-- Dumping structure for table balinet_task.companyclients
CREATE TABLE IF NOT EXISTS `companyclients` (
  `id` int(11) NOT NULL AUTO_INCREMENT,
  `name` varchar(225) COLLATE utf8mb4_unicode_ci DEFAULT NULL,
  `description` text COLLATE utf8mb4_unicode_ci,
  `alamat` text COLLATE utf8mb4_unicode_ci,
  `status` int(11) DEFAULT '1',
  `created_at` timestamp NULL DEFAULT NULL,
  `updated_at` timestamp NULL DEFAULT NULL,
  PRIMARY KEY (`id`)
) ENGINE=InnoDB AUTO_INCREMENT=24 DEFAULT CHARSET=utf8mb4 COLLATE=utf8mb4_unicode_ci;

-- Dumping data for table balinet_task.companyclients: ~23 rows (approximately)
/*!40000 ALTER TABLE `companyclients` DISABLE KEYS */;
INSERT INTO `companyclients` (`id`, `name`, `description`, `alamat`, `status`, `created_at`, `updated_at`) VALUES
	(1, 'Rumahan', NULL, NULL, 1, NULL, NULL),
	(2, 'Senyum Bali', NULL, NULL, 1, NULL, NULL),
	(3, 'Nia Cak Mat', NULL, NULL, 1, NULL, NULL),
	(4, 'Seventh Sky', NULL, NULL, 1, NULL, NULL),
	(5, 'Harmany Bali', NULL, NULL, 1, NULL, NULL),
	(6, 'Kitara Indo Project', NULL, NULL, 1, NULL, NULL),
	(7, 'Nusa Bari Studio', NULL, NULL, 1, NULL, NULL),
	(8, 'Nigel Easton', NULL, NULL, 1, NULL, NULL),
	(9, 'Wayan Darsana', NULL, NULL, 1, NULL, NULL),
	(10, 'CV.Balinet Intermedia', NULL, NULL, 1, NULL, NULL),
	(11, 'PT. Global Digital Verse', NULL, NULL, 1, NULL, NULL),
	(12, 'Kitara Indo Project', NULL, NULL, 1, NULL, NULL),
	(13, 'PT. Global Management', NULL, NULL, 1, NULL, NULL),
	(14, 'Robot Trading', NULL, NULL, 1, NULL, NULL),
	(15, 'Vita Jaya', NULL, NULL, 1, NULL, NULL),
	(16, 'Bali Jepun Wedding', NULL, NULL, 1, NULL, NULL),
	(17, 'Mata Camera Studio', NULL, NULL, 1, NULL, NULL),
	(18, 'Mukbang', NULL, NULL, 1, NULL, NULL),
	(19, 'GTL', NULL, NULL, 1, NULL, NULL),
	(20, 'Global Podcast bali', NULL, NULL, 1, NULL, NULL),
	(21, 'Global Management', NULL, NULL, 1, NULL, NULL),
	(22, 'Villah Nusatrip', NULL, NULL, 1, NULL, NULL),
	(23, 'Fairdy EO', NULL, NULL, 1, NULL, '2022-05-17 14:43:39');
/*!40000 ALTER TABLE `companyclients` ENABLE KEYS */;

-- Dumping structure for table balinet_task.divisions
CREATE TABLE IF NOT EXISTS `divisions` (
  `id` bigint(20) NOT NULL AUTO_INCREMENT,
  `nama_divisi` varchar(80) NOT NULL,
  `status` int(11) NOT NULL,
  `created_at` timestamp NULL DEFAULT NULL,
  `updated_at` timestamp NULL DEFAULT NULL,
  PRIMARY KEY (`id`)
) ENGINE=InnoDB AUTO_INCREMENT=11 DEFAULT CHARSET=utf8mb4;

-- Dumping data for table balinet_task.divisions: ~10 rows (approximately)
/*!40000 ALTER TABLE `divisions` DISABLE KEYS */;
INSERT INTO `divisions` (`id`, `nama_divisi`, `status`, `created_at`, `updated_at`) VALUES
	(1, 'Management', 1, NULL, '2022-04-08 22:19:15'),
	(2, 'Web Development', 1, '2022-04-09 16:12:27', '2022-04-13 01:33:27'),
	(3, 'Software Development', 1, '2022-04-09 16:12:38', '2022-04-13 01:33:55'),
	(4, 'IT Solutions', 1, '2022-04-09 16:14:28', '2022-04-13 01:34:11'),
	(5, 'Design & Animation', 1, '2022-04-10 08:35:02', '2022-04-13 01:34:59'),
	(6, 'Offset & Digital Print', 1, '2022-04-10 12:16:06', '2022-04-10 12:16:06'),
	(7, 'Distribution', 1, '2022-04-15 01:53:58', '2022-04-15 01:53:58'),
	(8, 'Accounting', 1, '2022-04-15 02:48:30', '2022-04-15 02:48:30'),
	(9, 'Digital Marketing', 1, '2022-04-15 02:49:04', '2022-04-15 02:49:04'),
	(10, 'Kerja Praktek', 0, '2022-04-21 01:23:20', '2022-05-21 14:13:05');
/*!40000 ALTER TABLE `divisions` ENABLE KEYS */;

-- Dumping structure for table balinet_task.finances
CREATE TABLE IF NOT EXISTS `finances` (
  `id` bigint(20) NOT NULL AUTO_INCREMENT,
  `name` text NOT NULL,
  `detail` text NOT NULL,
  `img` text NOT NULL,
  `value` double NOT NULL,
  `type` varchar(20) NOT NULL,
  `offices_id` bigint(20) NOT NULL,
  `users_id` bigint(20) NOT NULL,
  `status` tinyint(4) NOT NULL,
  `created_at` timestamp NULL DEFAULT NULL,
  `updated_at` timestamp NULL DEFAULT NULL,
  PRIMARY KEY (`id`)
) ENGINE=InnoDB AUTO_INCREMENT=2 DEFAULT CHARSET=latin1;

-- Dumping data for table balinet_task.finances: ~0 rows (approximately)
/*!40000 ALTER TABLE `finances` DISABLE KEYS */;
INSERT INTO `finances` (`id`, `name`, `detail`, `img`, `value`, `type`, `offices_id`, `users_id`, `status`, `created_at`, `updated_at`) VALUES
	(1, 'kokokoko', 'ko', 'C:\\Users\\Lann\\AppData\\Local\\Temp\\phpC6B3.tmp', 2, 'out', 1, 1, 1, '2022-05-17 16:22:32', '2022-05-18 11:31:12');
/*!40000 ALTER TABLE `finances` ENABLE KEYS */;

-- Dumping structure for table balinet_task.login_logs
CREATE TABLE IF NOT EXISTS `login_logs` (
  `id` bigint(20) NOT NULL AUTO_INCREMENT,
  `user_id` bigint(20) NOT NULL,
  `ip_address` text NOT NULL,
  `mac_address` text NOT NULL,
  `browser` varchar(50) NOT NULL,
  `created_at` timestamp NULL DEFAULT NULL,
  `updated_at` timestamp NULL DEFAULT NULL,
  PRIMARY KEY (`id`)
) ENGINE=InnoDB AUTO_INCREMENT=378 DEFAULT CHARSET=utf8mb4;

-- Dumping data for table balinet_task.login_logs: ~307 rows (approximately)
/*!40000 ALTER TABLE `login_logs` DISABLE KEYS */;
INSERT INTO `login_logs` (`id`, `user_id`, `ip_address`, `mac_address`, `browser`, `created_at`, `updated_at`) VALUES
	(1, 1, '140.213.234.23', '', 'Firefox', '2022-04-13 01:22:31', '2022-04-13 01:22:31'),
	(2, 9, '140.213.234.23', '', 'Chrome', '2022-04-13 01:27:03', '2022-04-13 01:27:03'),
	(3, 1, '140.213.234.23', '', 'Chrome', '2022-04-13 01:28:24', '2022-04-13 01:28:24'),
	(4, 1, '140.213.234.23', '', 'Firefox', '2022-04-13 01:29:10', '2022-04-13 01:29:10'),
	(5, 1, '140.213.234.23', '', 'Chrome', '2022-04-13 01:29:30', '2022-04-13 01:29:30'),
	(6, 1, '140.213.234.23', '', 'Safari Browser', '2022-04-13 01:30:59', '2022-04-13 01:30:59'),
	(7, 1, '140.213.234.23', '', 'Chrome', '2022-04-13 01:35:39', '2022-04-13 01:35:39'),
	(8, 1, '140.213.234.23', '', 'Firefox', '2022-04-13 01:39:58', '2022-04-13 01:39:58'),
	(9, 1, '140.213.234.23', '', 'Safari Browser', '2022-04-13 01:40:58', '2022-04-13 01:40:58'),
	(10, 9, '140.213.234.23', '', 'Safari Browser', '2022-04-13 01:46:21', '2022-04-13 01:46:21'),
	(11, 9, '140.213.234.23', '', 'Chrome', '2022-04-13 01:46:38', '2022-04-13 01:46:38'),
	(12, 9, '140.213.234.23', '', 'Chrome', '2022-04-13 01:47:35', '2022-04-13 01:47:35'),
	(13, 9, '140.213.234.23', '', 'Chrome', '2022-04-13 01:47:36', '2022-04-13 01:47:36'),
	(14, 9, '140.213.234.23', '', 'Firefox', '2022-04-13 01:47:52', '2022-04-13 01:47:52'),
	(15, 17, '114.125.113.61', '', 'Safari Browser', '2022-04-13 01:49:31', '2022-04-13 01:49:31'),
	(16, 1, '140.213.234.23', '', 'Chrome', '2022-04-13 01:56:55', '2022-04-13 01:56:55'),
	(17, 9, '140.213.234.23', '', 'Chrome', '2022-04-13 01:57:43', '2022-04-13 01:57:43'),
	(18, 17, '140.213.234.23', '', 'Chrome', '2022-04-13 02:10:14', '2022-04-13 02:10:14'),
	(19, 9, '140.213.234.23', '', 'Safari Browser', '2022-04-13 02:10:34', '2022-04-13 02:10:34'),
	(20, 1, '140.213.234.23', '', 'Chrome', '2022-04-13 02:11:07', '2022-04-13 02:11:07'),
	(21, 9, '140.213.234.23', '', 'Chrome', '2022-04-13 02:13:22', '2022-04-13 02:13:22'),
	(22, 1, '140.213.234.23', '', 'Firefox', '2022-04-13 02:15:31', '2022-04-13 02:15:31'),
	(23, 1, '140.213.234.23', '', 'Chrome', '2022-04-13 02:15:33', '2022-04-13 02:15:33'),
	(24, 9, '140.213.234.23', '', 'Chrome', '2022-04-13 02:25:24', '2022-04-13 02:25:24'),
	(25, 1, '140.213.234.23', '', 'Chrome', '2022-04-13 02:27:27', '2022-04-13 02:27:27'),
	(26, 9, '140.213.234.23', '', 'Chrome', '2022-04-13 02:46:23', '2022-04-13 02:46:23'),
	(27, 1, '140.213.234.23', '', 'Chrome', '2022-04-13 02:47:37', '2022-04-13 02:47:37'),
	(28, 1, '140.213.234.23', '', 'Firefox', '2022-04-13 03:35:41', '2022-04-13 03:35:41'),
	(29, 7, '140.213.234.23', '', 'Chrome', '2022-04-13 03:38:07', '2022-04-13 03:38:07'),
	(30, 1, '140.213.234.23', '', 'Chrome', '2022-04-13 03:53:40', '2022-04-13 03:53:40'),
	(31, 1, '140.213.234.23', '', 'Chrome', '2022-04-13 03:54:20', '2022-04-13 03:54:20'),
	(32, 1, '140.213.234.23', '', 'Firefox', '2022-04-13 04:01:49', '2022-04-13 04:01:49'),
	(33, 7, '140.213.234.23', '', 'Chrome', '2022-04-13 05:25:35', '2022-04-13 05:25:35'),
	(34, 7, '140.213.234.23', '', 'Chrome', '2022-04-13 06:30:23', '2022-04-13 06:30:23'),
	(35, 1, '140.213.234.23', '', 'Chrome', '2022-04-13 06:47:28', '2022-04-13 06:47:28'),
	(36, 7, '140.213.234.23', '', 'Chrome', '2022-04-13 06:48:00', '2022-04-13 06:48:00'),
	(37, 1, '140.213.234.23', '', 'Chrome', '2022-04-13 07:17:27', '2022-04-13 07:17:27'),
	(38, 7, '140.213.234.23', '', 'Firefox', '2022-04-13 07:20:33', '2022-04-13 07:20:33'),
	(39, 7, '140.213.234.23', '', 'Chrome', '2022-04-13 07:29:15', '2022-04-13 07:29:15'),
	(40, 1, '140.213.234.23', '', 'Chrome', '2022-04-13 07:29:58', '2022-04-13 07:29:58'),
	(41, 7, '140.213.234.23', '', 'Chrome', '2022-04-13 07:36:29', '2022-04-13 07:36:29'),
	(42, 1, '140.213.234.23', '', 'Chrome', '2022-04-13 07:37:25', '2022-04-13 07:37:25'),
	(43, 7, '140.213.234.23', '', 'Chrome', '2022-04-13 07:38:19', '2022-04-13 07:38:19'),
	(44, 1, '140.213.234.23', '', 'Chrome', '2022-04-13 07:39:11', '2022-04-13 07:39:11'),
	(45, 1, '140.213.234.23', '', 'Safari Browser', '2022-04-13 07:48:40', '2022-04-13 07:48:40'),
	(46, 1, '140.213.234.23', '', 'Firefox', '2022-04-13 07:59:26', '2022-04-13 07:59:26'),
	(47, 7, '175.158.39.148', '', 'Safari Browser', '2022-04-13 12:00:10', '2022-04-13 12:00:10'),
	(48, 1, '180.252.68.42', '', 'Firefox', '2022-04-13 23:18:51', '2022-04-13 23:18:51'),
	(49, 22, '180.252.68.42', '', 'Firefox', '2022-04-13 23:22:31', '2022-04-13 23:22:31'),
	(50, 1, '140.213.234.23', '', 'Firefox', '2022-04-13 23:49:40', '2022-04-13 23:49:40'),
	(51, 1, '140.213.234.23', '', 'Firefox', '2022-04-13 23:55:58', '2022-04-13 23:55:58'),
	(52, 22, '140.213.234.23', '', 'Firefox', '2022-04-14 00:14:18', '2022-04-14 00:14:18'),
	(53, 1, '140.213.234.23', '', 'Firefox', '2022-04-14 00:17:15', '2022-04-14 00:17:15'),
	(54, 1, '140.213.234.23', '', 'Chrome', '2022-04-14 00:18:12', '2022-04-14 00:18:12'),
	(55, 7, '140.213.234.23', '', 'Chrome', '2022-04-14 00:31:51', '2022-04-14 00:31:51'),
	(56, 22, '140.213.234.23', '', 'Firefox', '2022-04-14 00:35:58', '2022-04-14 00:35:58'),
	(57, 1, '140.213.234.23', '', 'Firefox', '2022-04-14 00:36:22', '2022-04-14 00:36:22'),
	(58, 22, '140.213.234.23', '', 'Firefox', '2022-04-14 00:36:29', '2022-04-14 00:36:29'),
	(59, 1, '140.213.234.23', '', 'Firefox', '2022-04-14 00:37:47', '2022-04-14 00:37:47'),
	(60, 7, '140.213.234.23', '', 'Firefox', '2022-04-14 00:40:24', '2022-04-14 00:40:24'),
	(61, 1, '140.213.234.23', '', 'Firefox', '2022-04-14 00:42:50', '2022-04-14 00:42:50'),
	(62, 1, '140.213.234.23', '', 'Chrome', '2022-04-14 01:23:27', '2022-04-14 01:23:27'),
	(63, 1, '140.213.234.23', '', 'Chrome', '2022-04-14 01:23:58', '2022-04-14 01:23:58'),
	(64, 7, '140.213.234.23', '', 'Firefox', '2022-04-14 01:24:00', '2022-04-14 01:24:00'),
	(65, 7, '140.213.234.23', '', 'Chrome', '2022-04-14 01:24:38', '2022-04-14 01:24:38'),
	(66, 7, '140.213.234.23', '', 'Chrome', '2022-04-14 01:24:39', '2022-04-14 01:24:39'),
	(67, 7, '140.213.234.23', '', 'Firefox', '2022-04-14 01:24:44', '2022-04-14 01:24:44'),
	(68, 1, '140.213.234.23', '', 'Chrome', '2022-04-14 01:25:14', '2022-04-14 01:25:14'),
	(69, 1, '140.213.234.23', '', 'Firefox', '2022-04-14 01:32:50', '2022-04-14 01:32:50'),
	(70, 1, '140.213.234.23', '', 'Chrome', '2022-04-14 01:36:23', '2022-04-14 01:36:23'),
	(71, 1, '140.213.234.23', '', 'Firefox', '2022-04-14 02:22:42', '2022-04-14 02:22:42'),
	(72, 7, '140.213.234.23', '', 'Firefox', '2022-04-14 02:29:49', '2022-04-14 02:29:49'),
	(73, 7, '140.213.234.23', '', 'Firefox', '2022-04-14 02:53:20', '2022-04-14 02:53:20'),
	(74, 1, '140.213.234.23', '', 'Firefox', '2022-04-14 03:15:39', '2022-04-14 03:15:39'),
	(75, 7, '140.213.234.23', '', 'Firefox', '2022-04-14 03:16:02', '2022-04-14 03:16:02'),
	(76, 27, '140.213.234.23', '', 'Chrome', '2022-04-14 03:27:08', '2022-04-14 03:27:08'),
	(77, 24, '140.213.234.23', '', 'Chrome', '2022-04-14 03:27:19', '2022-04-14 03:27:19'),
	(78, 1, '140.213.234.23', '', 'Chrome', '2022-04-14 03:28:54', '2022-04-14 03:28:54'),
	(79, 1, '140.213.234.23', '', 'Firefox', '2022-04-14 04:46:55', '2022-04-14 04:46:55'),
	(80, 7, '140.213.234.23', '', 'Chrome', '2022-04-14 04:48:08', '2022-04-14 04:48:08'),
	(81, 1, '140.213.234.23', '', 'Chrome', '2022-04-14 04:53:31', '2022-04-14 04:53:31'),
	(82, 24, '140.213.234.23', '', 'Chrome', '2022-04-14 04:55:37', '2022-04-14 04:55:37'),
	(83, 22, '140.213.234.23', '', 'Firefox', '2022-04-14 04:58:22', '2022-04-14 04:58:22'),
	(84, 1, '140.213.234.23', '', 'Chrome', '2022-04-14 04:59:39', '2022-04-14 04:59:39'),
	(85, 1, '140.213.234.23', '', 'Firefox', '2022-04-14 05:01:01', '2022-04-14 05:01:01'),
	(86, 22, '140.213.234.23', '', 'Firefox', '2022-04-14 05:48:21', '2022-04-14 05:48:21'),
	(87, 22, '140.213.234.23', '', 'Firefox', '2022-04-14 05:53:31', '2022-04-14 05:53:31'),
	(88, 1, '140.213.234.23', '', 'Firefox', '2022-04-14 05:58:04', '2022-04-14 05:58:04'),
	(89, 1, '140.213.234.23', '', 'Firefox', '2022-04-14 06:01:17', '2022-04-14 06:01:17'),
	(90, 7, '140.213.234.23', '', 'Firefox', '2022-04-14 06:02:21', '2022-04-14 06:02:21'),
	(91, 1, '140.213.234.23', '', 'Firefox', '2022-04-14 06:05:14', '2022-04-14 06:05:14'),
	(92, 1, '140.213.234.23', '', 'Chrome', '2022-04-14 07:49:20', '2022-04-14 07:49:20'),
	(93, 1, '140.213.234.23', '', 'Chrome', '2022-04-14 07:52:42', '2022-04-14 07:52:42'),
	(94, 1, '140.213.234.23', '', 'Chrome', '2022-04-14 07:54:49', '2022-04-14 07:54:49'),
	(95, 27, '140.213.234.23', '', 'Chrome', '2022-04-14 07:55:28', '2022-04-14 07:55:28'),
	(96, 1, '140.213.234.23', '', 'Chrome', '2022-04-14 07:56:26', '2022-04-14 07:56:26'),
	(97, 27, '140.213.234.23', '', 'Chrome', '2022-04-14 07:59:20', '2022-04-14 07:59:20'),
	(98, 27, '140.213.234.23', '', 'Chrome', '2022-04-14 08:25:32', '2022-04-14 08:25:32'),
	(99, 1, '140.213.234.23', '', 'Chrome', '2022-04-14 08:31:31', '2022-04-14 08:31:31'),
	(100, 1, '140.213.234.23', '', 'Chrome', '2022-04-14 08:37:33', '2022-04-14 08:37:33'),
	(101, 1, '140.213.234.23', '', 'Chrome', '2022-04-14 08:41:21', '2022-04-14 08:41:21'),
	(102, 7, '140.213.234.23', '', 'Chrome', '2022-04-14 08:42:25', '2022-04-14 08:42:25'),
	(103, 7, '114.5.109.198', '', 'Safari Browser', '2022-04-14 09:16:48', '2022-04-14 09:16:48'),
	(104, 7, '114.5.109.198', '', 'Safari Browser', '2022-04-14 09:30:00', '2022-04-14 09:30:00'),
	(105, 1, '120.188.75.230', '', 'Firefox', '2022-04-14 10:09:51', '2022-04-14 10:09:51'),
	(106, 1, '120.188.75.230', '', 'Chrome', '2022-04-14 10:30:25', '2022-04-14 10:30:25'),
	(107, 1, '120.188.75.230', '', 'Chrome', '2022-04-14 11:09:28', '2022-04-14 11:09:28'),
	(108, 1, '180.254.225.238', '', 'Firefox', '2022-04-14 11:43:01', '2022-04-14 11:43:01'),
	(109, 1, '114.4.218.139', '', 'Chrome', '2022-04-14 14:38:51', '2022-04-14 14:38:51'),
	(110, 7, '114.4.218.139', '', 'Chrome', '2022-04-14 14:39:35', '2022-04-14 14:39:35'),
	(111, 22, '180.252.68.42', '', 'Firefox', '2022-04-14 23:24:58', '2022-04-14 23:24:58'),
	(112, 1, '140.213.234.23', '', 'Chrome', '2022-04-15 00:09:20', '2022-04-15 00:09:20'),
	(113, 1, '140.213.234.23', '', 'Firefox', '2022-04-15 00:09:28', '2022-04-15 00:09:28'),
	(114, 1, '140.213.234.23', '', 'Chrome', '2022-04-15 00:23:15', '2022-04-15 00:23:15'),
	(115, 1, '140.213.234.23', '', 'Chrome', '2022-04-15 00:33:54', '2022-04-15 00:33:54'),
	(116, 1, '140.213.234.23', '', 'Firefox', '2022-04-15 00:38:10', '2022-04-15 00:38:10'),
	(117, 22, '140.213.234.23', '', 'Firefox', '2022-04-15 01:07:43', '2022-04-15 01:07:43'),
	(118, 7, '140.213.234.23', '', 'Chrome', '2022-04-15 01:33:45', '2022-04-15 01:33:45'),
	(119, 1, '140.213.234.23', '', 'Safari Browser', '2022-04-15 01:39:14', '2022-04-15 01:39:14'),
	(120, 27, '140.213.234.23', '', 'Chrome', '2022-04-15 01:40:25', '2022-04-15 01:40:25'),
	(121, 1, '140.213.234.23', '', 'Chrome', '2022-04-15 01:40:51', '2022-04-15 01:40:51'),
	(122, 1, '140.213.234.23', '', 'Chrome', '2022-04-15 01:41:42', '2022-04-15 01:41:42'),
	(123, 1, '140.213.234.23', '', 'Chrome', '2022-04-15 02:06:39', '2022-04-15 02:06:39'),
	(124, 1, '140.213.234.23', '', 'Chrome', '2022-04-15 02:34:40', '2022-04-15 02:34:40'),
	(125, 1, '140.213.234.23', '', 'Firefox', '2022-04-15 02:34:57', '2022-04-15 02:34:57'),
	(126, 9, '140.213.234.23', '', 'Safari Browser', '2022-04-15 02:50:30', '2022-04-15 02:50:30'),
	(127, 9, '140.213.234.23', '', 'Safari Browser', '2022-04-15 03:02:47', '2022-04-15 03:02:47'),
	(128, 9, '140.213.234.23', '', 'Chrome', '2022-04-15 03:11:59', '2022-04-15 03:11:59'),
	(129, 1, '114.4.218.139', '', 'Safari Browser', '2022-04-15 03:16:26', '2022-04-15 03:16:26'),
	(130, 1, '114.4.218.139', '', 'Safari Browser', '2022-04-15 03:17:20', '2022-04-15 03:17:20'),
	(131, 1, '114.4.218.139', '', 'Chrome', '2022-04-15 03:17:58', '2022-04-15 03:17:58'),
	(132, 9, '140.213.193.216', '', 'Chrome', '2022-04-15 03:24:22', '2022-04-15 03:24:22'),
	(133, 1, '114.4.218.139', '', 'Firefox', '2022-04-15 03:24:49', '2022-04-15 03:24:49'),
	(134, 9, '140.213.193.216', '', 'Chrome', '2022-04-15 03:24:49', '2022-04-15 03:24:49'),
	(135, 9, '140.213.193.216', '', 'Chrome', '2022-04-15 03:25:24', '2022-04-15 03:25:24'),
	(136, 1, '114.4.218.139', '', 'Firefox', '2022-04-15 03:32:48', '2022-04-15 03:32:48'),
	(137, 1, '140.213.193.216', '', 'Chrome', '2022-04-15 03:56:41', '2022-04-15 03:56:41'),
	(138, 7, '140.213.193.216', '', 'Chrome', '2022-04-15 04:31:18', '2022-04-15 04:31:18'),
	(139, 1, '140.213.193.216', '', 'Firefox', '2022-04-15 04:40:06', '2022-04-15 04:40:06'),
	(140, 9, '140.213.193.216', '', 'Safari Browser', '2022-04-15 05:16:51', '2022-04-15 05:16:52'),
	(141, 1, '140.213.193.216', '', 'Firefox', '2022-04-15 05:21:23', '2022-04-15 05:21:23'),
	(142, 7, '140.213.193.216', '', 'Firefox', '2022-04-15 05:25:39', '2022-04-15 05:25:39'),
	(143, 9, '140.213.193.216', '', 'Chrome', '2022-04-15 05:30:12', '2022-04-15 05:30:12'),
	(144, 7, '223.255.228.104', '', 'Safari Browser', '2022-04-15 05:30:16', '2022-04-15 05:30:16'),
	(145, 7, '140.213.193.216', '', 'Firefox', '2022-04-15 05:35:21', '2022-04-15 05:35:21'),
	(146, 1, '140.213.193.216', '', 'Firefox', '2022-04-15 05:36:39', '2022-04-15 05:36:39'),
	(147, 7, '140.213.193.216', '', 'Chrome', '2022-04-15 05:44:58', '2022-04-15 05:44:58'),
	(148, 1, '140.213.193.216', '', 'Chrome', '2022-04-15 05:57:55', '2022-04-15 05:57:55'),
	(149, 1, '140.213.193.216', '', 'Chrome', '2022-04-15 06:22:39', '2022-04-15 06:22:39'),
	(150, 1, '140.213.193.216', '', 'Chrome', '2022-04-15 07:26:46', '2022-04-15 07:26:46'),
	(151, 1, '140.213.193.216', '', 'Chrome', '2022-04-15 07:30:26', '2022-04-15 07:30:26'),
	(152, 1, '140.213.193.216', '', 'Chrome', '2022-04-15 07:31:36', '2022-04-15 07:31:36'),
	(153, 1, '114.4.219.152', '', 'Safari Browser', '2022-04-15 07:33:01', '2022-04-15 07:33:01'),
	(154, 1, '140.213.193.216', '', 'Chrome', '2022-04-15 07:35:41', '2022-04-15 07:35:41'),
	(155, 1, '114.4.219.152', '', 'Chrome', '2022-04-15 07:38:48', '2022-04-15 07:38:48'),
	(156, 7, '140.213.193.216', '', 'Chrome', '2022-04-15 08:01:24', '2022-04-15 08:01:24'),
	(157, 27, '140.213.193.216', '', 'Chrome', '2022-04-15 08:08:04', '2022-04-15 08:08:04'),
	(158, 1, '140.213.193.216', '', 'Chrome', '2022-04-15 08:08:53', '2022-04-15 08:08:53'),
	(159, 7, '140.213.193.216', '', 'Chrome', '2022-04-15 08:09:45', '2022-04-15 08:09:45'),
	(160, 1, '180.254.224.66', '', 'Chrome', '2022-04-15 09:42:08', '2022-04-15 09:42:08'),
	(161, 22, '180.252.68.42', '', 'Firefox', '2022-04-15 22:54:19', '2022-04-15 22:54:19'),
	(162, 22, '140.213.197.55', '', 'Firefox', '2022-04-16 04:24:34', '2022-04-16 04:24:34'),
	(163, 1, '140.213.197.55', '', 'Firefox', '2022-04-16 06:12:44', '2022-04-16 06:12:44'),
	(164, 9, '140.213.127.163', '', 'Safari Browser', '2022-04-16 06:54:18', '2022-04-16 06:54:18'),
	(165, 17, '140.213.197.55', '', 'Firefox', '2022-04-16 07:11:14', '2022-04-16 07:11:14'),
	(166, 1, '140.213.197.55', '', 'Firefox', '2022-04-16 07:22:27', '2022-04-16 07:22:27'),
	(167, 9, '140.213.126.8', '', 'Safari Browser', '2022-04-16 07:26:41', '2022-04-16 07:26:41'),
	(168, 17, '140.213.197.55', '', 'Firefox', '2022-04-16 07:40:06', '2022-04-16 07:40:06'),
	(169, 9, '140.213.197.55', '', 'Chrome', '2022-04-16 08:08:00', '2022-04-16 08:08:00'),
	(170, 9, '140.213.197.55', '', 'Chrome', '2022-04-17 00:11:37', '2022-04-17 00:11:37'),
	(171, 17, '140.213.197.55', '', 'Firefox', '2022-04-17 00:17:52', '2022-04-17 00:17:52'),
	(172, 7, '140.213.197.55', '', 'Firefox', '2022-04-17 00:20:32', '2022-04-17 00:20:32'),
	(173, 1, '140.213.197.55', '', 'Firefox', '2022-04-17 00:21:35', '2022-04-17 00:21:35'),
	(174, 7, '140.213.197.55', '', 'Chrome', '2022-04-17 00:28:15', '2022-04-17 00:28:15'),
	(175, 7, '140.213.197.55', '', 'Firefox', '2022-04-17 00:31:31', '2022-04-17 00:31:31'),
	(176, 7, '140.213.197.55', '', 'Firefox', '2022-04-17 00:38:31', '2022-04-17 00:38:31'),
	(177, 1, '140.213.197.55', '', 'Firefox', '2022-04-17 00:49:31', '2022-04-17 00:49:31'),
	(178, 22, '140.213.197.55', '', 'Firefox', '2022-04-17 02:08:39', '2022-04-17 02:08:39'),
	(179, 17, '140.213.197.55', '', 'Safari Browser', '2022-04-17 03:16:29', '2022-04-17 03:16:29'),
	(180, 9, '140.213.197.55', '', 'Safari Browser', '2022-04-17 03:32:54', '2022-04-17 03:32:54'),
	(181, 7, '140.213.197.55', '', 'Firefox', '2022-04-17 03:37:47', '2022-04-17 03:37:47'),
	(182, 7, '140.213.197.55', '', 'Chrome', '2022-04-17 04:47:46', '2022-04-17 04:47:46'),
	(183, 1, '140.213.197.55', '', 'Chrome', '2022-04-17 04:48:05', '2022-04-17 04:48:05'),
	(184, 7, '140.213.197.55', '', 'Firefox', '2022-04-17 04:54:46', '2022-04-17 04:54:46'),
	(185, 1, '140.213.197.55', '', 'Firefox', '2022-04-17 07:21:59', '2022-04-17 07:21:59'),
	(186, 1, '140.213.197.55', '', 'Firefox', '2022-04-17 08:09:48', '2022-04-17 08:09:48'),
	(187, 7, '114.5.109.198', '', 'Chrome', '2022-04-17 09:18:36', '2022-04-17 09:18:36'),
	(188, 1, '114.5.109.198', '', 'Chrome', '2022-04-17 09:19:20', '2022-04-17 09:19:20'),
	(189, 22, '180.252.68.42', '', 'Firefox', '2022-04-18 04:38:20', '2022-04-18 04:38:20'),
	(190, 9, '140.213.196.102', '', 'Chrome', '2022-04-19 00:04:04', '2022-04-19 00:04:04'),
	(191, 22, '140.213.196.102', '', 'Firefox', '2022-04-19 00:40:35', '2022-04-19 00:40:35'),
	(192, 17, '140.213.196.102', '', 'Safari Browser', '2022-04-19 00:43:59', '2022-04-19 00:43:59'),
	(193, 9, '140.213.196.102', '', 'Safari Browser', '2022-04-19 00:44:34', '2022-04-19 00:44:34'),
	(194, 7, '140.213.196.102', '', 'Firefox', '2022-04-19 00:45:11', '2022-04-19 00:45:11'),
	(195, 1, '140.213.196.102', '', 'Firefox', '2022-04-19 01:02:06', '2022-04-19 01:02:06'),
	(196, 1, '140.213.196.102', '', 'Safari Browser', '2022-04-19 01:12:55', '2022-04-19 01:12:55'),
	(197, 1, '140.213.196.102', '', 'Firefox', '2022-04-19 04:04:52', '2022-04-19 04:04:52'),
	(198, 17, '140.213.196.102', '', 'Safari Browser', '2022-04-19 06:39:57', '2022-04-19 06:39:57'),
	(199, 22, '140.213.195.1', '', 'Firefox', '2022-04-19 07:43:29', '2022-04-19 07:43:29'),
	(200, 9, '140.213.195.1', '', 'Safari Browser', '2022-04-19 07:44:49', '2022-04-19 07:44:49'),
	(201, 1, '140.213.195.1', '', 'Firefox', '2022-04-19 07:45:03', '2022-04-19 07:45:03'),
	(202, 7, '140.213.195.1', '', 'Firefox', '2022-04-19 08:02:42', '2022-04-19 08:02:42'),
	(203, 7, '140.213.195.1', '', 'Safari Browser', '2022-04-19 08:09:01', '2022-04-19 08:09:01'),
	(204, 22, '182.253.132.72', '', 'Firefox', '2022-04-19 12:51:10', '2022-04-19 12:51:10'),
	(205, 22, '140.213.195.1', '', 'Firefox', '2022-04-19 23:14:31', '2022-04-19 23:14:31'),
	(206, 9, '140.213.195.1', '', 'Chrome', '2022-04-20 00:05:20', '2022-04-20 00:05:20'),
	(207, 9, '140.213.195.1', '', 'Chrome', '2022-04-20 00:08:11', '2022-04-20 00:08:11'),
	(208, 17, '140.213.195.1', '', 'Firefox', '2022-04-20 00:08:41', '2022-04-20 00:08:41'),
	(209, 17, '140.213.195.1', '', 'Safari Browser', '2022-04-20 00:11:26', '2022-04-20 00:11:26'),
	(210, 9, '140.213.195.1', '', 'Chrome', '2022-04-20 00:19:46', '2022-04-20 00:19:46'),
	(211, 1, '140.213.195.1', '', 'Firefox', '2022-04-20 00:22:29', '2022-04-20 00:22:29'),
	(212, 1, '140.213.195.1', '', 'Firefox', '2022-04-20 01:28:08', '2022-04-20 01:28:08'),
	(213, 9, '140.213.195.1', '', 'Chrome', '2022-04-20 01:34:42', '2022-04-20 01:34:42'),
	(214, 7, '140.213.195.1', '', 'Chrome', '2022-04-20 01:43:10', '2022-04-20 01:43:10'),
	(215, 22, '140.213.195.1', '', 'Firefox', '2022-04-20 02:00:18', '2022-04-20 02:00:18'),
	(216, 17, '140.213.195.1', '', 'Safari Browser', '2022-04-20 02:02:42', '2022-04-20 02:02:42'),
	(217, 9, '140.213.195.1', '', 'Safari Browser', '2022-04-20 02:03:11', '2022-04-20 02:03:11'),
	(218, 1, '140.213.195.1', '', 'Firefox', '2022-04-20 02:09:15', '2022-04-20 02:09:15'),
	(219, 9, '140.213.195.1', '', 'Safari Browser', '2022-04-20 02:23:09', '2022-04-20 02:23:09'),
	(220, 1, '140.213.195.1', '', 'Firefox', '2022-04-20 02:32:55', '2022-04-20 02:32:55'),
	(221, 1, '140.213.196.82', '', 'Firefox', '2022-04-20 04:24:28', '2022-04-20 04:24:28'),
	(222, 7, '140.213.196.82', '', 'Firefox', '2022-04-20 04:30:43', '2022-04-20 04:30:43'),
	(223, 1, '140.213.196.82', '', 'Firefox', '2022-04-20 04:31:09', '2022-04-20 04:31:09'),
	(224, 1, '140.213.196.82', '', 'Chrome', '2022-04-20 04:32:46', '2022-04-20 04:32:46'),
	(225, 1, '140.213.196.82', '', 'Firefox', '2022-04-20 04:34:35', '2022-04-20 04:34:35'),
	(226, 7, '140.213.196.82', '', 'Firefox', '2022-04-20 04:35:27', '2022-04-20 04:35:27'),
	(227, 1, '140.213.196.82', '', 'Chrome', '2022-04-20 04:36:22', '2022-04-20 04:36:22'),
	(228, 1, '140.213.196.82', '', 'Firefox', '2022-04-20 04:37:30', '2022-04-20 04:37:30'),
	(229, 1, '140.213.196.82', '', 'Chrome', '2022-04-20 04:39:39', '2022-04-20 04:39:39'),
	(230, 1, '140.213.196.82', '', 'Chrome', '2022-04-20 04:41:51', '2022-04-20 04:41:51'),
	(231, 1, '140.213.196.82', '', 'Chrome', '2022-04-20 04:50:59', '2022-04-20 04:50:59'),
	(232, 7, '140.213.196.82', '', 'Chrome', '2022-04-20 04:59:00', '2022-04-20 04:59:00'),
	(233, 1, '140.213.196.82', '', 'Chrome', '2022-04-20 05:11:41', '2022-04-20 05:11:41'),
	(234, 7, '140.213.196.82', '', 'Chrome', '2022-04-20 05:12:29', '2022-04-20 05:12:29'),
	(235, 7, '140.213.196.82', '', 'Chrome', '2022-04-20 05:17:12', '2022-04-20 05:17:12'),
	(236, 1, '140.213.196.82', '', 'Chrome', '2022-04-20 05:17:27', '2022-04-20 05:17:27'),
	(237, 16, '140.213.196.82', '', 'Chrome', '2022-04-20 05:24:20', '2022-04-20 05:24:20'),
	(238, 1, '140.213.196.82', '', 'Chrome', '2022-04-20 05:34:56', '2022-04-20 05:34:56'),
	(239, 7, '140.213.196.82', '', 'Chrome', '2022-04-20 07:33:13', '2022-04-20 07:33:13'),
	(240, 7, '140.213.196.82', '', 'Firefox', '2022-04-20 08:19:19', '2022-04-20 08:19:19'),
	(241, 1, '140.213.196.82', '', 'Firefox', '2022-04-20 08:24:26', '2022-04-20 08:24:26'),
	(242, 22, '180.254.225.115', '', 'Firefox', '2022-04-20 21:17:26', '2022-04-20 21:17:26'),
	(243, 22, '140.213.196.82', '', 'Firefox', '2022-04-20 23:54:18', '2022-04-20 23:54:18'),
	(244, 1, '140.213.196.82', '', 'Firefox', '2022-04-20 23:58:16', '2022-04-20 23:58:16'),
	(245, 7, '140.213.196.82', '', 'Firefox', '2022-04-21 00:11:14', '2022-04-21 00:11:14'),
	(246, 17, '140.213.196.82', '', 'Chrome', '2022-04-21 00:47:53', '2022-04-21 00:47:53'),
	(247, 22, '140.213.196.82', '', 'Firefox', '2022-04-21 00:57:59', '2022-04-21 00:57:59'),
	(248, 1, '140.213.196.82', '', 'Firefox', '2022-04-21 00:58:14', '2022-04-21 00:58:14'),
	(249, 1, '140.213.196.82', '', 'Chrome', '2022-04-21 00:58:22', '2022-04-21 00:58:22'),
	(250, 7, '140.213.196.82', '', 'Firefox', '2022-04-21 01:27:15', '2022-04-21 01:27:15'),
	(251, 1, '140.213.196.82', '', 'Firefox', '2022-04-21 01:52:47', '2022-04-21 01:52:47'),
	(252, 1, '140.213.196.82', '', 'Chrome', '2022-04-21 01:57:21', '2022-04-21 01:57:21'),
	(253, 1, '140.213.196.82', '', 'Firefox', '2022-04-21 01:58:07', '2022-04-21 01:58:07'),
	(254, 1, '140.213.196.82', '', 'Chrome', '2022-04-21 03:01:50', '2022-04-21 03:01:50'),
	(255, 7, '140.213.196.82', '', 'Chrome', '2022-04-21 03:02:07', '2022-04-21 03:02:07'),
	(256, 7, '140.213.196.82', '', 'Firefox', '2022-04-21 03:45:34', '2022-04-21 03:45:34'),
	(257, 1, '140.213.196.82', '', 'Firefox', '2022-04-21 06:15:59', '2022-04-21 06:15:59'),
	(258, 16, '140.213.196.82', '', 'Firefox', '2022-04-21 07:33:20', '2022-04-21 07:33:20'),
	(259, 7, '140.213.196.82', '', 'Firefox', '2022-04-21 07:37:02', '2022-04-21 07:37:02'),
	(260, 25, '140.213.196.82', '', 'Firefox', '2022-04-21 07:42:55', '2022-04-21 07:42:55'),
	(261, 25, '140.213.196.82', '', 'Firefox', '2022-04-21 07:43:22', '2022-04-21 07:43:22'),
	(262, 7, '140.213.196.82', '', 'Firefox', '2022-04-21 07:43:42', '2022-04-21 07:43:42'),
	(263, 22, '180.254.225.115', '', 'Firefox', '2022-04-21 19:34:44', '2022-04-21 19:34:44'),
	(264, 7, '140.213.196.82', '', 'Firefox', '2022-04-21 23:35:08', '2022-04-21 23:35:08'),
	(265, 1, '140.213.196.82', '', 'Firefox', '2022-04-21 23:42:06', '2022-04-21 23:42:06'),
	(266, 9, '140.213.196.82', '', 'Chrome', '2022-04-22 00:05:13', '2022-04-22 00:05:13'),
	(267, 1, '140.213.196.82', '', 'Firefox', '2022-04-22 00:05:31', '2022-04-22 00:05:31'),
	(268, 17, '140.213.196.82', '', 'Chrome', '2022-04-22 00:10:19', '2022-04-22 00:10:19'),
	(269, 22, '140.213.196.82', '', 'Firefox', '2022-04-22 00:43:37', '2022-04-22 00:43:37'),
	(270, 7, '140.213.196.82', '', 'Chrome', '2022-04-22 00:46:31', '2022-04-22 00:46:31'),
	(271, 1, '140.213.196.82', '', 'Firefox', '2022-04-22 00:47:34', '2022-04-22 00:47:34'),
	(272, 22, '140.213.196.82', '', 'Firefox', '2022-04-22 02:22:05', '2022-04-22 02:22:05'),
	(273, 22, '140.213.196.82', '', 'Firefox', '2022-04-22 04:09:46', '2022-04-22 04:09:46'),
	(274, 1, '140.213.196.82', '', 'Firefox', '2022-04-22 04:51:09', '2022-04-22 04:51:09'),
	(275, 22, '140.213.196.82', '', 'Firefox', '2022-04-22 05:17:37', '2022-04-22 05:17:37'),
	(276, 9, '140.213.196.82', '', 'Safari Browser', '2022-04-22 05:17:54', '2022-04-22 05:17:54'),
	(277, 17, '114.122.133.32', '', 'Safari Browser', '2022-04-22 05:18:16', '2022-04-22 05:18:16'),
	(278, 1, '140.213.196.82', '', 'Firefox', '2022-04-22 05:18:27', '2022-04-22 05:18:27'),
	(279, 1, '114.122.134.56', '', 'Safari Browser', '2022-04-22 05:18:53', '2022-04-22 05:18:53'),
	(280, 9, '140.213.196.82', '', 'Safari Browser', '2022-04-22 05:48:06', '2022-04-22 05:48:06'),
	(281, 9, '140.213.196.82', '', 'Safari Browser', '2022-04-22 05:50:49', '2022-04-22 05:50:49'),
	(282, 1, '140.213.127.17', '', 'Chrome', '2022-04-22 14:57:05', '2022-04-22 14:57:05'),
	(283, 1, '140.213.127.17', '', 'Chrome', '2022-04-22 14:59:09', '2022-04-22 14:59:09'),
	(284, 7, '140.213.200.41', '', 'Firefox', '2022-04-23 00:09:24', '2022-04-23 00:09:24'),
	(285, 1, '140.213.200.41', '', 'Firefox', '2022-04-23 00:13:42', '2022-04-23 00:13:42'),
	(286, 1, '140.213.200.41', '', 'Firefox', '2022-04-23 00:19:13', '2022-04-23 00:19:13'),
	(287, 7, '140.213.200.41', '', 'Chrome', '2022-04-23 00:27:28', '2022-04-23 00:27:28'),
	(288, 7, '140.213.200.41', '', 'Firefox', '2022-04-23 00:37:22', '2022-04-23 00:37:22'),
	(289, 7, '140.213.200.41', '', 'Firefox', '2022-04-23 00:55:26', '2022-04-23 00:55:26'),
	(290, 7, '140.213.200.41', '', 'Firefox', '2022-04-23 00:58:17', '2022-04-23 00:58:17'),
	(291, 1, '140.213.200.41', '', 'Firefox', '2022-04-23 00:59:27', '2022-04-23 00:59:27'),
	(292, 7, '140.213.200.41', '', 'Firefox', '2022-04-23 01:14:44', '2022-04-23 01:14:44'),
	(293, 1, '140.213.200.41', '', 'Firefox', '2022-04-23 01:16:46', '2022-04-23 01:16:46'),
	(294, 7, '140.213.200.41', '', 'Firefox', '2022-04-23 02:22:07', '2022-04-23 02:22:07'),
	(295, 1, '140.213.200.41', '', 'Chrome', '2022-04-23 02:34:22', '2022-04-23 02:34:22'),
	(296, 7, '140.213.200.41', '', 'Firefox', '2022-04-23 02:38:02', '2022-04-23 02:38:02'),
	(297, 1, '140.213.200.41', '', 'Firefox', '2022-04-23 02:40:42', '2022-04-23 02:40:42'),
	(298, 7, '140.213.200.41', '', 'Firefox', '2022-04-23 02:42:17', '2022-04-23 02:42:17'),
	(299, 1, '140.213.196.156', '', 'Chrome', '2022-04-23 03:24:02', '2022-04-23 03:24:02'),
	(300, 1, '140.213.196.156', '', 'Chrome', '2022-04-23 03:28:26', '2022-04-23 03:28:26'),
	(301, 7, '140.213.196.156', '', 'Firefox', '2022-04-23 05:28:24', '2022-04-23 05:28:24'),
	(302, 1, '127.0.0.1', 'B0-6E-BF-1A-86-51', 'Firefox', '2022-04-22 15:26:36', '2022-04-22 15:26:36'),
	(303, 7, '127.0.0.1', 'B0-6E-BF-1A-86-51', 'Firefox', '2022-04-22 15:36:26', '2022-04-22 15:36:26'),
	(304, 1, '127.0.0.1', 'B0-6E-BF-1A-86-51', 'Firefox', '2022-04-22 15:39:45', '2022-04-22 15:39:45'),
	(305, 7, '127.0.0.1', '98-28-A6-48-80-E9', 'Firefox', '2022-04-23 13:23:10', '2022-04-23 13:23:10'),
	(306, 1, '127.0.0.1', '98-28-A6-48-80-E9', 'Firefox', '2022-04-23 14:38:26', '2022-04-23 14:38:26'),
	(307, 1, '127.0.0.1', '98-28-A6-48-80-E9', 'Firefox', '2022-04-25 09:55:37', '2022-04-25 09:55:37'),
	(308, 1, '127.0.0.1', '98-28-A6-48-80-E9', 'Firefox', '2022-04-25 10:12:56', '2022-04-25 10:12:56'),
	(309, 1, '127.0.0.1', '98-28-A6-48-80-E9', 'Firefox', '2022-04-25 10:28:38', '2022-04-25 10:28:38'),
	(310, 1, '127.0.0.1', '98-28-A6-48-80-E9', 'Firefox', '2022-04-25 12:47:56', '2022-04-25 12:47:56'),
	(311, 7, '127.0.0.1', '98-28-A6-48-80-E9', 'Firefox', '2022-04-25 13:23:30', '2022-04-25 13:23:30'),
	(312, 1, '127.0.0.1', '98-28-A6-48-80-E9', 'Firefox', '2022-04-25 13:40:36', '2022-04-25 13:40:36'),
	(313, 1, '127.0.0.1', '98-28-A6-48-80-E9', 'Firefox', '2022-04-25 14:14:19', '2022-04-25 14:14:19'),
	(314, 1, '127.0.0.1', '98-28-A6-48-80-E9', 'Firefox', '2022-04-25 16:45:55', '2022-04-25 16:45:55'),
	(315, 7, '127.0.0.1', '98-28-A6-48-80-E9', 'Firefox', '2022-04-26 14:37:46', '2022-04-26 14:37:46'),
	(316, 1, '127.0.0.1', '98-28-A6-48-80-E9', 'Firefox', '2022-04-26 14:41:50', '2022-04-26 14:41:50'),
	(317, 1, '127.0.0.1', '98-28-A6-48-80-E9', 'Firefox', '2022-04-26 14:44:19', '2022-04-26 14:44:19'),
	(318, 1, '127.0.0.1', '98-28-A6-48-80-E9', 'Firefox', '2022-04-27 10:36:33', '2022-04-27 10:36:33'),
	(319, 1, '127.0.0.1', '98-28-A6-48-80-E9', 'Firefox', '2022-04-28 15:08:18', '2022-04-28 15:08:18'),
	(320, 1, '127.0.0.1', '98-28-A6-48-80-E9', 'Safari Browser', '2022-04-28 16:07:10', '2022-04-28 16:07:10'),
	(321, 1, '192.168.1.67', '98-28-A6-48-80-E9', 'Firefox', '2022-04-28 16:22:23', '2022-04-28 16:22:23'),
	(322, 1, '192.168.1.103', '98-28-A6-48-80-E9', 'Safari Browser', '2022-04-28 16:26:50', '2022-04-28 16:26:50'),
	(323, 1, '192.168.1.67', '98-28-A6-48-80-E9', 'Firefox', '2022-04-28 16:29:56', '2022-04-28 16:29:56'),
	(324, 1, '192.168.1.100', '98-28-A6-48-80-E9', 'Safari Browser', '2022-04-28 16:30:08', '2022-04-28 16:30:08'),
	(325, 1, '192.168.1.85', '98-28-A6-48-80-E9', 'Firefox', '2022-04-28 16:35:20', '2022-04-28 16:35:20'),
	(326, 1, '127.0.0.1', '98-28-A6-48-80-E9', 'Firefox', '2022-04-28 17:16:53', '2022-04-28 17:16:53'),
	(327, 1, '127.0.0.1', '98-28-A6-48-80-E9', 'Firefox', '2022-04-28 18:32:14', '2022-04-28 18:32:14'),
	(328, 1, '127.0.0.1', '98-28-A6-48-80-E9', 'Firefox', '2022-04-29 10:04:23', '2022-04-29 10:04:23'),
	(329, 7, '127.0.0.1', '98-28-A6-48-80-E9', 'Firefox', '2022-04-29 11:09:07', '2022-04-29 11:09:07'),
	(330, 1, '127.0.0.1', '98-28-A6-48-80-E9', 'Firefox', '2022-04-29 13:13:28', '2022-04-29 13:13:28'),
	(331, 1, '127.0.0.1', '98-28-A6-48-80-E9', 'Firefox', '2022-05-03 23:44:57', '2022-05-03 23:44:57'),
	(332, 1, '127.0.0.1', '\r\n   DHCP Enabled', 'Firefox', '2022-05-10 13:53:54', '2022-05-10 13:53:54'),
	(333, 1, '127.0.0.1', '\r\n   DHCP Enabled', 'Chrome', '2022-05-11 09:46:57', '2022-05-11 09:46:57'),
	(334, 1, '127.0.0.1', '\r\n   DHCP Enabled', 'Firefox', '2022-05-11 11:12:11', '2022-05-11 11:12:11'),
	(335, 1, '127.0.0.1', '\r\n   DHCP Enabled', 'Firefox', '2022-05-12 09:31:08', '2022-05-12 09:31:08'),
	(336, 1, '127.0.0.1', '98-28-A6-48-80-E9', 'Firefox', '2022-05-12 11:29:11', '2022-05-12 11:29:11'),
	(337, 1, '127.0.0.1', '98-28-A6-48-80-E9', 'Firefox', '2022-05-12 14:34:04', '2022-05-12 14:34:04'),
	(338, 1, '127.0.0.1', '98-28-A6-48-80-E9', 'Chrome', '2022-05-12 23:38:50', '2022-05-12 23:38:50'),
	(339, 1, '127.0.0.1', '98-28-A6-48-80-E9', 'Chrome', '2022-05-12 23:59:26', '2022-05-12 23:59:26'),
	(340, 1, '127.0.0.1', '98-28-A6-48-80-E9', 'Firefox', '2022-05-13 09:06:14', '2022-05-13 09:06:14'),
	(341, 1, '127.0.0.1', '98-28-A6-48-80-E9', 'Firefox', '2022-05-13 13:43:38', '2022-05-13 13:43:38'),
	(342, 1, '192.168.1.91', '98-28-A6-48-80-E9', 'Chrome', '2022-05-13 14:55:47', '2022-05-13 14:55:47'),
	(343, 1, '192.168.1.85', '98-28-A6-48-80-E9', 'Firefox', '2022-05-13 14:58:16', '2022-05-13 14:58:16'),
	(344, 1, '192.168.1.91', '98-28-A6-48-80-E9', 'Chrome', '2022-05-13 16:18:18', '2022-05-13 16:18:18'),
	(345, 1, '127.0.0.1', '98-28-A6-48-80-E9', 'Firefox', '2022-05-14 10:14:30', '2022-05-14 10:14:30'),
	(346, 1, '127.0.0.1', '98-28-A6-48-80-E9', 'Chrome', '2022-05-14 14:14:41', '2022-05-14 14:14:41'),
	(347, 1, '127.0.0.1', '98-28-A6-48-80-E9', 'Firefox', '2022-05-17 10:10:27', '2022-05-17 10:10:27'),
	(348, 1, '127.0.0.1', '98-28-A6-48-80-E9', 'Firefox', '2022-05-17 14:03:29', '2022-05-17 14:03:29'),
	(349, 1, '127.0.0.1', '98-28-A6-48-80-E9', 'Firefox', '2022-05-17 14:08:26', '2022-05-17 14:08:26'),
	(350, 1, '192.168.1.91', '98-28-A6-48-80-E9', 'Chrome', '2022-05-17 14:18:27', '2022-05-17 14:18:27'),
	(351, 1, '192.168.1.85', '98-28-A6-48-80-E9', 'Firefox', '2022-05-17 14:33:23', '2022-05-17 14:33:23'),
	(352, 1, '192.168.1.85', '98-28-A6-48-80-E9', 'Firefox', '2022-05-17 15:19:44', '2022-05-17 15:19:44'),
	(353, 1, '192.168.1.100', '98-28-A6-48-80-E9', 'Safari Browser', '2022-05-17 15:53:38', '2022-05-17 15:53:38'),
	(354, 1, '192.168.1.100', '98-28-A6-48-80-E9', 'Safari Browser', '2022-05-17 15:53:55', '2022-05-17 15:53:55'),
	(355, 1, '127.0.0.1', '98-28-A6-48-80-E9', 'Firefox', '2022-05-18 10:20:30', '2022-05-18 10:20:30'),
	(356, 1, '127.0.0.1', '98-28-A6-48-80-E9', 'Firefox', '2022-05-18 14:50:54', '2022-05-18 14:50:54'),
	(357, 1, '127.0.0.1', '98-28-A6-48-80-E9', 'Firefox', '2022-05-18 15:20:05', '2022-05-18 15:20:05'),
	(358, 25, '127.0.0.1', '98-28-A6-48-80-E9', 'Firefox', '2022-05-18 15:20:42', '2022-05-18 15:20:42'),
	(359, 25, '127.0.0.1', '98-28-A6-48-80-E9', 'Firefox', '2022-05-18 15:22:51', '2022-05-18 15:22:51'),
	(360, 1, '127.0.0.1', '98-28-A6-48-80-E9', 'Firefox', '2022-05-18 15:25:16', '2022-05-18 15:25:16'),
	(361, 1, '127.0.0.1', '98-28-A6-48-80-E9', 'Firefox', '2022-05-19 11:53:05', '2022-05-19 11:53:05'),
	(362, 1, '127.0.0.1', '98-28-A6-48-80-E9', 'Chrome', '2022-05-19 16:26:14', '2022-05-19 16:26:14'),
	(363, 1, '127.0.0.1', '98-28-A6-48-80-E9', 'Firefox', '2022-05-19 17:46:28', '2022-05-19 17:46:28'),
	(364, 1, '127.0.0.1', '98-28-A6-48-80-E9', 'Firefox', '2022-05-20 10:04:45', '2022-05-20 10:04:45'),
	(365, 1, '127.0.0.1', '98-28-A6-48-80-E9', 'Chrome', '2022-05-20 10:21:08', '2022-05-20 10:21:08'),
	(366, 1, '127.0.0.1', '98-28-A6-48-80-E9', 'Chrome', '2022-05-20 10:59:34', '2022-05-20 10:59:34'),
	(367, 1, '127.0.0.1', '98-28-A6-48-80-E9', 'Firefox', '2022-05-21 10:01:40', '2022-05-21 10:01:40'),
	(368, 1, '127.0.0.1', '98-28-A6-48-80-E9', 'Chrome', '2022-05-21 10:56:12', '2022-05-21 10:56:12'),
	(369, 1, '192.168.1.85', '98-28-A6-48-80-E9', 'Chrome', '2022-05-21 11:15:11', '2022-05-21 11:15:11'),
	(370, 1, '192.168.1.91', '98-28-A6-48-80-E9', 'Chrome', '2022-05-21 11:15:23', '2022-05-21 11:15:23'),
	(371, 1, '192.168.1.85', '98-28-A6-48-80-E9', 'Chrome', '2022-05-21 12:35:58', '2022-05-21 12:35:58'),
	(372, 1, '127.0.0.1', '98-28-A6-48-80-E9', 'Firefox', '2022-05-21 12:42:49', '2022-05-21 12:42:49'),
	(373, 1, '127.0.0.1', '98-28-A6-48-80-E9', 'Firefox', '2022-05-21 14:12:27', '2022-05-21 14:12:27'),
	(374, 1, '127.0.0.1', '98-28-A6-48-80-E9', 'Firefox', '2022-05-23 16:00:22', '2022-05-23 16:00:22'),
	(375, 1, '127.0.0.1', '98-28-A6-48-80-E9', 'Chrome', '2022-05-24 10:17:08', '2022-05-24 10:17:08'),
	(376, 1, '127.0.0.1', '98-28-A6-48-80-E9', 'Chrome', '2022-05-24 13:40:37', '2022-05-24 13:40:37'),
	(377, 7, '127.0.0.1', '98-28-A6-48-80-E9', 'Chrome', '2022-05-24 14:21:39', '2022-05-24 14:21:39');
/*!40000 ALTER TABLE `login_logs` ENABLE KEYS */;

-- Dumping structure for table balinet_task.migrations
CREATE TABLE IF NOT EXISTS `migrations` (
  `id` int(10) unsigned NOT NULL AUTO_INCREMENT,
  `migration` varchar(255) COLLATE utf8mb4_unicode_ci NOT NULL,
  `batch` int(11) NOT NULL,
  PRIMARY KEY (`id`)
) ENGINE=InnoDB AUTO_INCREMENT=4 DEFAULT CHARSET=utf8mb4 COLLATE=utf8mb4_unicode_ci;

-- Dumping data for table balinet_task.migrations: ~1 rows (approximately)
/*!40000 ALTER TABLE `migrations` DISABLE KEYS */;
INSERT INTO `migrations` (`id`, `migration`, `batch`) VALUES
	(3, '2022_05_24_102500_create_notifications_table', 1);
/*!40000 ALTER TABLE `migrations` ENABLE KEYS */;

-- Dumping structure for table balinet_task.notes
CREATE TABLE IF NOT EXISTS `notes` (
  `id` bigint(20) NOT NULL AUTO_INCREMENT,
  `project_id` bigint(20) NOT NULL,
  `user_id` bigint(20) NOT NULL,
  `keterangan` longtext NOT NULL,
  `created_at` timestamp NULL DEFAULT NULL,
  `updated_at` timestamp NULL DEFAULT NULL,
  PRIMARY KEY (`id`)
) ENGINE=InnoDB AUTO_INCREMENT=9 DEFAULT CHARSET=utf8mb4;

-- Dumping data for table balinet_task.notes: ~5 rows (approximately)
/*!40000 ALTER TABLE `notes` DISABLE KEYS */;
INSERT INTO `notes` (`id`, `project_id`, `user_id`, `keterangan`, `created_at`, `updated_at`) VALUES
	(4, 20, 9, 'Detail laptop \r\nAsus X200ca', '2022-04-19 01:19:09', '2022-04-19 01:19:09'),
	(5, 130, 1, 'tes note notif', '2022-05-24 11:09:07', '2022-05-24 11:09:07'),
	(6, 130, 1, 'tes note notif', '2022-05-24 11:09:29', '2022-05-24 11:09:29'),
	(7, 130, 1, 'tes note notif', '2022-05-24 11:16:07', '2022-05-24 11:16:07'),
	(8, 130, 1, 'tes note notif', '2022-05-24 11:18:41', '2022-05-24 11:18:41');
/*!40000 ALTER TABLE `notes` ENABLE KEYS */;

-- Dumping structure for table balinet_task.notifications
CREATE TABLE IF NOT EXISTS `notifications` (
  `id` char(36) COLLATE utf8mb4_unicode_ci NOT NULL,
  `type` varchar(255) COLLATE utf8mb4_unicode_ci NOT NULL,
  `notifiable_type` varchar(255) COLLATE utf8mb4_unicode_ci NOT NULL,
  `notifiable_id` bigint(20) unsigned NOT NULL,
  `data` text COLLATE utf8mb4_unicode_ci NOT NULL,
  `read_at` timestamp NULL DEFAULT NULL,
  `created_at` timestamp NULL DEFAULT NULL,
  `updated_at` timestamp NULL DEFAULT NULL,
  PRIMARY KEY (`id`),
  KEY `notifications_notifiable_type_notifiable_id_index` (`notifiable_type`,`notifiable_id`)
) ENGINE=InnoDB DEFAULT CHARSET=utf8mb4 COLLATE=utf8mb4_unicode_ci;

-- Dumping data for table balinet_task.notifications: ~1 rows (approximately)
/*!40000 ALTER TABLE `notifications` DISABLE KEYS */;
INSERT INTO `notifications` (`id`, `type`, `notifiable_type`, `notifiable_id`, `data`, `read_at`, `created_at`, `updated_at`) VALUES
	('d121144b-fe40-4fb8-9f20-e4e1de099c7a', 'App\\Notifications\\NoteNotification', 'App\\Models\\User', 1, '{"project_id":"130","user_id":1,"keterangan":"tes note notif"}', NULL, '2022-05-24 11:18:41', '2022-05-24 11:18:41');
/*!40000 ALTER TABLE `notifications` ENABLE KEYS */;

-- Dumping structure for table balinet_task.pics
CREATE TABLE IF NOT EXISTS `pics` (
  `id` bigint(20) NOT NULL AUTO_INCREMENT,
  `project_id` bigint(20) NOT NULL,
  `user_id` bigint(20) DEFAULT NULL,
  `status` int(11) NOT NULL,
  `created_at` timestamp NULL DEFAULT NULL,
  `updated_at` timestamp NULL DEFAULT NULL,
  PRIMARY KEY (`id`)
) ENGINE=InnoDB AUTO_INCREMENT=81 DEFAULT CHARSET=utf8mb4;

-- Dumping data for table balinet_task.pics: ~64 rows (approximately)
/*!40000 ALTER TABLE `pics` DISABLE KEYS */;
INSERT INTO `pics` (`id`, `project_id`, `user_id`, `status`, `created_at`, `updated_at`) VALUES
	(1, 1, 7, 1, '2022-04-14 06:08:28', '2022-04-14 06:08:28'),
	(2, 2, 7, 1, '2022-04-14 06:16:25', '2022-04-14 06:16:25'),
	(3, 3, 7, 1, '2022-04-14 06:22:33', '2022-04-14 06:22:33'),
	(4, 4, 7, 1, '2022-04-14 08:43:15', '2022-04-14 08:43:15'),
	(5, 5, 7, 1, '2022-04-15 00:42:54', '2022-04-15 00:42:54'),
	(6, 6, 9, 1, '2022-04-15 02:54:52', '2022-04-15 02:54:52'),
	(9, 10, 7, 1, '2022-04-15 04:54:45', '2022-04-15 04:54:45'),
	(10, 9, 9, 1, '2022-04-15 05:17:21', '2022-04-15 05:17:21'),
	(11, 8, 9, 1, '2022-04-15 05:17:40', '2022-04-15 05:17:40'),
	(12, 7, 9, 1, '2022-04-15 05:18:03', '2022-04-15 05:18:03'),
	(13, 11, 7, 1, '2022-04-15 05:27:45', '2022-04-15 05:27:45'),
	(14, 12, 22, 1, '2022-04-15 05:47:53', '2022-04-15 05:47:53'),
	(15, 13, 7, 1, '2022-04-15 05:50:07', '2022-04-15 05:50:07'),
	(16, 14, 24, 1, '2022-04-15 06:14:54', '2022-04-15 06:14:54'),
	(17, 15, 27, 1, '2022-04-15 06:18:22', '2022-04-15 06:18:22'),
	(18, 16, 9, 1, '2022-04-16 07:09:34', '2022-04-16 07:09:34'),
	(19, 17, 9, 1, '2022-04-16 07:15:25', '2022-04-16 07:15:25'),
	(20, 18, 7, 1, '2022-04-16 07:36:45', '2022-04-16 07:36:45'),
	(21, 20, 17, 1, '2022-04-17 00:14:31', '2022-04-17 00:14:31'),
	(22, 21, 7, 1, '2022-04-17 00:39:13', '2022-04-17 00:39:13'),
	(23, 28, 9, 1, '2022-04-19 01:05:51', '2022-04-19 01:05:51'),
	(24, 29, 17, 1, '2022-04-19 01:11:17', '2022-04-19 01:11:17'),
	(25, 31, 17, 1, '2022-04-19 07:52:29', '2022-04-19 07:52:29'),
	(26, 35, 9, 1, '2022-04-19 23:14:48', '2022-04-19 23:14:48'),
	(27, 35, 17, 1, '2022-04-19 23:14:57', '2022-04-19 23:14:57'),
	(28, 36, 9, 1, '2022-04-19 23:16:18', '2022-04-19 23:16:18'),
	(29, 36, 17, 1, '2022-04-19 23:16:29', '2022-04-19 23:16:29'),
	(30, 37, 9, 1, '2022-04-20 00:20:33', '2022-04-20 00:20:33'),
	(31, 37, 17, 1, '2022-04-20 00:20:42', '2022-04-20 00:20:42'),
	(33, 45, 9, 1, '2022-04-20 02:48:48', '2022-04-20 02:48:48'),
	(34, 46, 9, 1, '2022-04-20 02:52:07', '2022-04-20 02:52:07'),
	(35, 19, 7, 1, '2022-04-20 03:07:40', '2022-04-20 03:07:40'),
	(39, 48, 7, 1, '2022-04-20 05:04:10', '2022-04-20 05:04:10'),
	(40, 48, 25, 1, '2022-04-20 05:04:33', '2022-04-20 05:04:33'),
	(41, 48, 16, 1, '2022-04-20 05:04:45', '2022-04-20 05:04:45'),
	(42, 49, 7, 1, '2022-04-20 05:14:49', '2022-04-20 05:14:49'),
	(43, 49, 27, 1, '2022-04-20 05:14:56', '2022-04-20 05:14:56'),
	(44, 49, 24, 1, '2022-04-20 05:15:09', '2022-04-20 05:15:09'),
	(45, 49, 26, 1, '2022-04-20 05:15:18', '2022-04-20 05:15:18'),
	(46, 50, 7, 1, '2022-04-20 05:18:16', '2022-04-20 05:18:16'),
	(47, 51, 7, 1, '2022-04-20 05:35:31', '2022-04-20 05:35:31'),
	(48, 52, 25, 1, '2022-04-20 07:43:56', '2022-04-20 07:43:56'),
	(50, 53, 16, 1, '2022-04-20 07:44:11', '2022-04-20 07:44:11'),
	(51, 54, 16, 1, '2022-04-20 07:44:30', '2022-04-20 07:44:30'),
	(52, 55, 16, 1, '2022-04-20 07:44:41', '2022-04-20 07:44:41'),
	(53, 55, 25, 1, '2022-04-20 07:44:49', '2022-04-20 07:44:49'),
	(54, 52, 7, 1, '2022-04-20 08:20:05', '2022-04-20 08:20:05'),
	(55, 55, 7, 1, '2022-04-20 08:20:12', '2022-04-20 08:20:12'),
	(56, 54, 7, 1, '2022-04-20 08:20:20', '2022-04-20 08:20:20'),
	(57, 53, 7, 1, '2022-04-20 08:20:28', '2022-04-20 08:20:28'),
	(58, 56, 9, 1, '2022-04-20 23:59:22', '2022-04-20 23:59:22'),
	(59, 56, 17, 1, '2022-04-20 23:59:29', '2022-04-20 23:59:29'),
	(60, 57, 9, 1, '2022-04-20 23:59:35', '2022-04-20 23:59:35'),
	(61, 57, 17, 1, '2022-04-20 23:59:42', '2022-04-20 23:59:42'),
	(63, 58, 16, 1, '2022-04-21 00:16:06', '2022-04-21 00:16:06'),
	(64, 58, 25, 1, '2022-04-21 00:16:14', '2022-04-21 00:16:14'),
	(65, 59, 16, 1, '2022-04-21 00:23:21', '2022-04-21 00:23:21'),
	(66, 60, 7, 1, '2022-04-21 02:44:05', '2022-04-21 02:44:05'),
	(67, 61, 7, 1, '2022-04-21 03:02:45', '2022-04-21 03:02:45'),
	(68, 73, 9, 1, '2022-04-22 00:23:00', '2022-04-22 00:23:00'),
	(69, 74, 9, 1, '2022-04-22 02:23:06', '2022-04-22 02:23:06'),
	(70, 74, 17, 1, '2022-04-22 02:23:13', '2022-04-22 02:23:13'),
	(71, 31, 9, 1, '2022-04-22 05:29:44', '2022-04-22 05:29:44'),
	(72, 137, 24, 1, '2022-04-23 11:27:57', '2022-04-23 11:27:57'),
	(73, 138, 25, 1, '2022-04-23 11:28:02', '2022-04-23 11:28:02'),
	(74, 136, 24, 1, '2022-04-23 11:28:06', '2022-04-23 11:28:06'),
	(75, 135, 7, 1, '2022-04-23 11:31:21', '2022-04-23 11:31:21'),
	(76, 139, 16, 1, '2022-04-23 11:31:27', '2022-04-23 11:31:27'),
	(77, 122, 7, 1, '2022-04-25 09:56:45', '2022-04-25 09:56:45'),
	(78, 118, 7, 1, '2022-04-25 12:54:15', '2022-04-25 12:54:15'),
	(79, 129, 1, 1, '2022-05-18 15:27:39', '2022-05-18 15:27:39'),
	(80, 127, 7, 1, '2022-05-24 14:47:15', '2022-05-24 14:47:15');
/*!40000 ALTER TABLE `pics` ENABLE KEYS */;

-- Dumping structure for table balinet_task.projects
CREATE TABLE IF NOT EXISTS `projects` (
  `id` bigint(20) NOT NULL AUTO_INCREMENT,
  `client_id` bigint(20) NOT NULL,
  `divisi_id` bigint(20) DEFAULT NULL,
  `user_id` bigint(20) NOT NULL,
  `perusahaan_id` bigint(20) NOT NULL,
  `judul_project` varchar(225) NOT NULL,
  `detail_project` longtext NOT NULL,
  `tgl_input` date DEFAULT NULL,
  `tgl_mulai` date DEFAULT NULL,
  `estimasi` date DEFAULT NULL,
  `tgl_selesai` date DEFAULT NULL,
  `status` int(11) NOT NULL,
  `prioritas` int(11) NOT NULL,
  `total_revisi` int(11) NOT NULL,
  `laporan_project` longtext,
  `debet` double DEFAULT NULL,
  `kredit` double DEFAULT NULL,
  `foto_hasil` text,
  `type` varchar(30) DEFAULT NULL,
  `is_parent` int(11) DEFAULT '0',
  `project_id` int(11) DEFAULT NULL,
  `created_at` timestamp NULL DEFAULT NULL,
  `project_id_2` int(11) DEFAULT NULL,
  `updated_at` timestamp NULL DEFAULT NULL,
  PRIMARY KEY (`id`)
) ENGINE=InnoDB AUTO_INCREMENT=131 DEFAULT CHARSET=utf8mb4;

-- Dumping data for table balinet_task.projects: ~46 rows (approximately)
/*!40000 ALTER TABLE `projects` DISABLE KEYS */;
INSERT INTO `projects` (`id`, `client_id`, `divisi_id`, `user_id`, `perusahaan_id`, `judul_project`, `detail_project`, `tgl_input`, `tgl_mulai`, `estimasi`, `tgl_selesai`, `status`, `prioritas`, `total_revisi`, `laporan_project`, `debet`, `kredit`, `foto_hasil`, `type`, `is_parent`, `project_id`, `created_at`, `project_id_2`, `updated_at`) VALUES
	(6, 6, 4, 9, 1, 'Pasang Cctv 2 Titik', 'Survey dan sekalian pasang cctv', '2022-04-13', '2022-04-13', '2022-04-13', '2022-04-13', 5, 2, 0, NULL, 0, 0, 'https://i.ibb.co/KNXKjxC/IMG-20220413-170244-jpg.jpg', 'Single', 0, NULL, '2022-04-15 02:53:43', NULL, '2022-04-15 03:06:42'),
	(7, 12, 4, 9, 1, 'Service Printer', 'Ganti chip cartridge Isi tinta di cartridge\r\nCleaning dan maintenance hardware', '2022-04-14', '2022-04-14', '2022-04-14', '2022-04-21', 4, 1, 0, NULL, 0, 0, NULL, 'Single', 0, NULL, '2022-04-15 03:30:56', NULL, '2022-04-22 05:32:28'),
	(8, 13, 4, 9, 1, 'Cleaning Cpu Gio', 'Cleaning Hardware Dan\r\nPenyemprotan Dengan Contact Cleaner. Pemb By Danang', '2022-04-14', '2022-04-14', '2022-04-14', '2022-04-20', 5, 1, 0, NULL, 0, 0, NULL, 'Single', 0, NULL, '2022-04-15 03:33:16', NULL, '2022-04-22 00:53:52'),
	(9, 14, 4, 9, 1, 'Install Aplikasi Format Factory', 'Install aplikasi format factory Done. Pemb By Danang', '2022-04-14', '2022-04-14', '2022-04-14', '2022-04-14', 3, 1, 0, 'Install aplikasi format factory Done. Pemb By Danang', 0, 0, '', 'Single', 0, NULL, '2022-04-15 03:35:04', NULL, '2022-04-15 06:02:12'),
	(12, 7, 1, 22, 1, 'Pindah Server Web + SSL', 'Migrasi Server + Setup SSL', '2022-04-14', '2022-04-14', '2022-04-14', '2022-04-14', 5, 2, 0, NULL, 0, 0, NULL, 'Single', 0, NULL, '2022-04-15 05:47:18', NULL, '2022-04-15 05:48:58'),
	(16, 15, 4, 9, 1, 'CHEK 4 LAPTOP SECOND', 'Kondisi laptop \r\n1. Compaq cq40 kondisi LCD pecah dan ndak mau tampil \r\n2. ASUS X453 kondisi ndak ada harddisk dan keyboard nggk mau dipencet\r\n3. Acer aspire one kondisi normal keyboard rusak \r\n4. Lenovo G40 kondisi mati total', '2022-04-15', '2022-04-15', '2022-04-15', '2022-05-13', 2, 2, 0, NULL, 0, 0, NULL, 'Single', 0, NULL, '2022-04-16 07:08:22', NULL, '2022-04-16 07:09:09'),
	(17, 15, 4, 9, 1, 'Maintenance Laptop Toshiba + Asus', 'Kondisi Terakhir 2 Laptop Kondisi Normal Dan Siap Pakai\r\n1. Asus X200CA Di Ganti Battre Dan Cleaning Harddware + Thermal Paste\r\n2. Toshiba Satelite C640 Di Ganti Battre Dan Cleaning Harddware + Thermal Paste', '2022-04-15', '2022-04-15', '2022-04-18', '2022-04-18', 5, 2, 0, NULL, 0, 0, NULL, 'Single', 0, NULL, '2022-04-16 07:15:12', NULL, '2022-04-22 00:55:10'),
	(18, 16, 2, 1, 1, 'WEB TASK MANAGEMENT', 'Mengembangkan Website Untuk Manajemen Task Versi 1. Yang Meliputi Fitur ( Pengelolaan User, Pengelolaan Client, Pengelolaan kategori Client, Pengelolaan TIM, Pengelolaan Company Client,  dan Pengelolaan Task)', '2022-04-15', '2022-04-15', '2022-04-19', NULL, 2, 2, 0, NULL, 0, 0, NULL, 'Group', 0, NULL, '2022-04-16 07:36:33', NULL, '2022-04-16 07:38:43'),
	(19, 10, 2, 1, 1, 'WEB COMPANY PROFILE HARMANY-INDONESIA.COM', 'Membuat Website Company Profile Dengan Framework Codeigniter 4', '2022-04-15', '2022-04-19', '2022-04-27', NULL, 2, 1, 0, NULL, 0, 0, NULL, 'Group', 1, NULL, '2022-04-16 07:53:48', NULL, '2022-04-20 05:18:58'),
	(20, 15, 4, 9, 1, 'Asus X200CA-Setup OS+ APP', 'Instal Windows + Aplikasi Standart', '2022-04-16', '2022-04-16', '2022-04-18', '2022-04-18', 5, 2, 0, NULL, 0, 0, 'https://i.ibb.co/gSQQyS0/1-C761-DF2-624-F-44-B1-9382-4193774-F41-E2-jpeg.jpg', 'Single', 0, NULL, '2022-04-17 00:14:19', NULL, '2022-04-22 00:55:50'),
	(28, 15, 4, 9, 1, 'Chek Provider XL Home', '1. Adukan Masalah Di Provider Kalau Panas Alatnya Hang\r\n2. Biaya Tambah Bandwitch 300mbps', '2022-04-18', '2022-04-18', '2022-04-18', NULL, 2, 2, 0, NULL, 0, 0, NULL, 'Single', 0, NULL, '2022-04-19 01:05:40', NULL, '2022-04-19 01:07:02'),
	(29, 17, 4, 9, 1, 'Rakit Komputer Core I3 12gen', '1. Rakit Komputer \r\n2. Install System + Apps\r\n3. Antar Ke Pelanggan', '2022-04-18', '2022-04-18', '2022-04-18', '2022-04-18', 5, 2, 0, 'pc sudah terinstall windows original dan aplikasi standart', 0, 0, 'https://i.ibb.co/MDZp7Y0/2-E9-EA2-C6-1-B6-A-4397-874-A-539-CFC9-EC6-AB-jpeg.jpg', 'Single', 0, NULL, '2022-04-19 01:11:01', NULL, '2022-04-19 07:46:31'),
	(31, 18, 4, 9, 1, 'Rakit Cpu Dualcore Gen7', 'Perakitan Komp Dualcore Gen7 Dan\r\nSetup System+ Aplikasi', '2022-04-18', '2022-04-18', '2022-04-18', '2022-04-21', 5, 2, 0, NULL, 0, 0, 'https://i.ibb.co/1Z8g7S3/545-ECFC4-6507-4347-9-E68-30701942-AAB7-jpeg.jpg', 'Single', 0, NULL, '2022-04-19 07:51:32', NULL, '2022-04-22 05:30:21'),
	(35, 19, 4, 22, 1, 'Pindahan Komputer Seminyak - Renon', 'Seluruh Aset Komputer Di Seminyak Dipindah Ke Badak Agung', '2022-04-18', NULL, '2022-04-21', NULL, 1, 1, 0, NULL, 0, 0, NULL, 'Single', 0, NULL, '2022-04-19 12:54:15', NULL, '2022-04-19 12:54:15'),
	(36, 16, 4, 22, 1, 'Master Software', 'Aset Master Software', '2022-04-19', '2022-04-19', '2022-04-15', NULL, 2, 2, 0, NULL, 0, 0, NULL, 'Single', 0, NULL, '2022-04-19 23:16:10', NULL, '2022-04-20 02:52:09'),
	(37, 16, 4, 22, 1, 'Aset All CPU', 'Pendataan All CPU Kantor Agar Bisa Berjalan Baik', '2022-04-19', '2022-04-19', '2022-04-19', NULL, 2, 2, 0, NULL, 0, 0, NULL, 'Single', 0, NULL, '2022-04-19 23:18:00', NULL, '2022-04-20 00:23:28'),
	(45, 15, 4, 9, 1, 'Pembelian 2 Usb Wifi', 'Pembelian Usb Wifi Untuk \r\n1. Komputer Kitara\r\n2. Komputer Astrid', '2022-04-19', '2022-04-19', '2022-04-19', '2022-04-21', 3, 2, 0, NULL, 0, 0, '', 'Single', 0, NULL, '2022-04-20 02:48:36', NULL, '2022-04-22 05:51:13'),
	(46, 10, 4, 9, 1, 'Survey Cctv 8 Titik', 'Survey Cctv Di Rentalika \r\nDan Test Bandwitch Internet Di Rentalika', '2022-04-19', NULL, '2022-04-19', NULL, 1, 2, 0, NULL, 0, 0, NULL, 'Single', 0, NULL, '2022-04-20 02:51:34', NULL, '2022-04-20 03:07:02'),
	(48, 16, 2, 1, 1, 'Mengupload Update Sistem Task Management', 'Mengupload Hasil Update Pada Fitur:\r\n1. Task Admin, Manajemen Dan Leader Tim\r\n2. List Task Leader Tim Dan Anggota Tim\r\n3. Note  Admin, Manajemen, Leader Tim Dan Anggota Tim', '2022-04-19', '2022-04-19', '2022-04-19', '2022-04-20', 4, 2, 0, 'Telah mengupload semua update yang dilakukan pada fitur-fitur berikut:\r\n1. Task Admin, Manajemen Dan Leader Tim\r\n2. List Task Leader Tim Dan Anggota Tim\r\n3. Note  Admin, Manajemen, Leader Tim Dan Anggota Tim\r\n\r\nBisa dicek pada task.balinet.co.id, dengan role Admin maupun Leader Tim', NULL, NULL, 'https://i.ibb.co/VSggNXy/5-jpg.jpg', 'Sub1', 0, 18, '2022-04-20 05:03:51', NULL, '2022-04-21 00:19:28'),
	(49, 10, 2, 1, 1, 'Melakukan Riset Framework CodeIgniter 4.1.9', 'Melakukan Riset Framework CodeIgniter 4.1.9 Untuk Membuat Website Company Profile Harmany Indonesia', '2022-04-19', '2022-04-19', '2022-04-19', NULL, 2, 1, 0, NULL, 0, 0, NULL, 'Sub1', 0, 19, '2022-04-20 05:14:27', NULL, '2022-04-20 05:18:39'),
	(50, 10, 2, 1, 1, 'Membuat Desain Web Company Profile Harmany Indonesia', 'Membuat Desain Web Company Profile Harmany Indonesia', '2022-04-19', '2022-04-19', '2022-04-19', '2022-04-20', 4, 1, 0, 'Desain website harmany sudah selesai, bisa di cek pada link berikut : http://demo.harmany-indonesia.com/', NULL, NULL, '', 'Sub1', 0, 19, '2022-04-20 05:16:43', NULL, '2022-04-21 00:19:41'),
	(52, 16, 2, 1, 1, 'Update Fitur Modul Task', 'Melakukan Update Pada Modul Task:\r\n1. Tambah Task (Tambah Form Type)\r\n2. Edit Task  (Tambah Form Type)\r\n3. Detail Task  (Update Note)\r\n4. Controller (ProjectController) \r\n5. Single Task (Tambah Button Add Sub, Pindahkan 3 Button Delete Ke Kanan)\r\n6. Menambah Controller (SubController)', '2022-04-19', '2022-04-19', '2022-04-19', '2022-04-20', 4, 2, 0, 'Sudah melakukan Update Pada Modul Task:\r\n1. Tambah Task (Tambah Form Type)\r\n2. Edit Task  (Tambah Form Type)\r\n3. Detail Task  (Update Note)\r\n4. Controller (ProjectController) \r\n5. Single Task (Tambah Button Add Sub, Pindahkan 3 Button Delete Ke Kanan)\r\n6. Menambah Controller (SubController)\r\n\r\nbisa di cek pada web task.balinet.co.id', NULL, NULL, 'https://i.ibb.co/j5dWVfS/1-jpg.jpg', 'Sub1', 0, 18, '2022-04-20 07:37:40', NULL, '2022-04-21 00:19:12'),
	(53, 16, 2, 1, 1, 'Update Fitur Modul Leader Task', 'Melakukan Update Pada Modul Task:\r\n1. Tambah Task (Tambah Form Type)\r\n2. Edit Task  (Tambah Form Type)\r\n3. Detail Task  (Update Note)\r\n4. Update Controller (ProjectController) \r\n5. Membuat Tampilan Halaman Single Task Dan Menambah Button Add Sub, Serta Memindahkan Button Assignment Ke Kanan\r\n6. Menambah Controller (SubController)', '2022-04-19', '2022-04-19', '2022-04-19', '2022-04-20', 4, 2, 0, 'Sudah melakukan Update Pada Modul Task milik Leader:\r\n1. Tambah Task (Tambah Form Type)\r\n2. Edit Task  (Tambah Form Type)\r\n3. Detail Task  (Update Note)\r\n4. Update Controller (ProjectController) \r\n5. Membuat Tampilan Halaman Single Task Dan Menambah Button Add Sub, Serta Memindahkan Button Assignment Ke Kanan\r\n6. Menambah Controller (SubController)\r\n\r\nBisa di cek pada halaman task, dengan role leader tim pada task.balinet.co.id', NULL, NULL, 'https://i.ibb.co/8MGXL9V/2-jpg.jpg', 'Sub1', 0, 18, '2022-04-20 07:40:33', NULL, '2022-04-21 00:19:01'),
	(54, 16, 2, 1, 1, 'Update Fitur Modul List Task', 'Melakukan Update Pada Fitur Modul List Task:\r\n1.  Halaman Kumpul Tugas (menambahkan Note)\r\n2. Halaman List Task (menghapus Breadcrumb, Dan Menambahkan Attribute Type)', '2022-04-19', '2022-04-19', '2022-04-19', '2022-04-20', 4, 2, 0, 'Sudah mlakukan Update Pada Fitur Modul List Task:\r\n1.  Halaman Kumpul Tugas (menambahkan Note)\r\n2. Halaman List Task (menghapus Breadcrumb, Dan Menambahkan Attribute Type)\r\n\r\nbisa di cek pada task.balinet.co.id dengan user leader/anggota tim', NULL, NULL, 'https://i.ibb.co/zf993Lb/3-jpg.jpg', 'Sub1', 0, 18, '2022-04-20 07:42:06', NULL, '2022-04-21 00:18:33'),
	(55, 16, 2, 1, 1, 'Update Halaman Note', 'Melakukan Penambahan Landing Page Note (seperti Bubble Chat) Di Halaman Detail Task, Detail Lead Task Serta Kumpul Tugas.', '2022-04-19', '2022-04-19', '2022-04-19', '2022-04-20', 4, 2, 0, 'Sudah melakukan penambahan Landing Page Note (seperti Bubble Chat) Di Halaman Detail Task, Detail Lead Task Serta Kumpul Tugas.\r\n\r\nNanti bisa dicoba saat melakukan penambahan note pada halaman detail task maupun kumpul tugas/task.', NULL, NULL, 'https://i.ibb.co/Z2h6wDq/4-jpg.jpg', 'Sub1', 0, 18, '2022-04-20 07:43:34', NULL, '2022-04-21 00:18:14'),
	(56, 20, 4, 22, 1, 'CCTV + Networking', 'Maintenance Server + Setup CCTV', '2022-04-20', NULL, '2022-04-22', NULL, 1, 1, 0, NULL, 0, 0, NULL, 'Single', 0, NULL, '2022-04-20 21:36:18', NULL, '2022-04-20 21:36:18'),
	(57, 21, 4, 22, 1, 'Cek Printer Pukul 16.30 WITA', 'Printer Bermasalah Di Tinta Atau Komponen Lain , Req Di Cek', '2022-04-20', NULL, '2022-04-20', NULL, 1, 1, 0, NULL, 0, 0, NULL, 'Single', 0, NULL, '2022-04-20 23:59:14', NULL, '2022-04-20 23:59:14'),
	(58, 16, 2, 1, 1, 'Membuat Modul Company Client (CRUD)', 'Membuat Fitur (CRUD) Pada Modul Company Client:\r\n1. Create Company Client\r\n2. Read Company Client\r\n3. Update Company Client\r\n4. Delete (Active & Inactive) Company Client', '2022-04-20', '2022-04-20', '2022-04-21', NULL, 3, 2, 0, 'Sudah membuat fitur CRUD pada modul company client yang meliputi:\r\n1. Create Company Client\r\n2. Read Company Client\r\n3. Update Company Client\r\n4. Delete (Active & Inactive) Company Client\r\n\r\ntetapi belum di upload', NULL, NULL, 'https://i.ibb.co/BgNxr7G/2-png.png', 'Sub1', 0, 18, '2022-04-21 00:15:02', NULL, '2022-04-21 07:36:36'),
	(59, 16, 2, 1, 1, 'Membuat Capitalize Each Word', 'Membuat Capitalize Each Word Di Semua Tabel', '2022-04-20', '2022-04-20', '2022-04-20', NULL, 3, 2, 0, 'Sudah Membuat Capitalize Each Word Di Semua Tabel, tetapi belum di upload', NULL, NULL, 'https://i.ibb.co/ZdQ2FWt/1-png.png', 'Sub1', 0, 18, '2022-04-21 00:23:09', NULL, '2022-04-21 07:35:19'),
	(60, 10, 2, 1, 1, 'Revisi Desain Web Harmany', 'Navigasi : Logo Digedein, Font Digedein, Sosmed Hilangin\r\n\r\nAbout Us : Isi Jarak, Gambar Ganti\r\n\r\nProduk : Holangin Harga, Isi Penjelasan Dikit\r\n\r\nNews Dan Event : Bagi  3 & 3\r\n\r\nGallery : Pisah Video Dan Foto\r\n\r\nTestimony Dan Client Hapus', '2022-04-20', '2022-04-20', '2022-04-20', '2022-04-20', 2, 1, 0, NULL, 0, 0, NULL, 'Sub1', 0, 19, '2022-04-21 02:43:02', NULL, '2022-04-21 03:10:04'),
	(62, 16, 2, 1, 1, 'Update Pada Modul Task Admin & Manajemen', 'Melakukan Update Pada Modul Task Admin Dan Manajemen:\r\n1. Menambahkan Filter Per Team & Per Status\r\n2. Untuk Tampilan Pada Halaman Task Paling Awal, Kolom Type Dihilangkan, Dan Tambahkan Kolom SubTask. Apabila Type Task Adalah Grup Maka Pada Kolom Sub Task Akan Berisi Judul Dari Masing-masing Sub, Apabila Typenya Adalah Single Maka Akan Ada "-".\r\n3. Pemilihan PIC Pada Sub Task Dilakukan Pada Halaman Single Task, Itu Juga Bisa Dilakukan Pada Task Model Grup Maupun Single', '2022-04-20', NULL, '2022-04-22', NULL, 1, 2, 0, NULL, NULL, NULL, NULL, 'Sub1', 0, 18, '2022-04-21 03:52:33', NULL, '2022-04-21 03:52:33'),
	(63, 16, 2, 1, 1, 'Update Pada Responsive Tampilan', 'Melakukan Update Pada Tampilan Responsive Pada Sidebar Menu', '2022-04-20', NULL, '2022-04-22', NULL, 1, 2, 0, NULL, NULL, NULL, NULL, 'Sub1', 0, 18, '2022-04-21 03:55:12', NULL, '2022-04-21 03:55:12'),
	(64, 16, 2, 1, 1, 'Update Pada Modul Task Leader & List Task', 'Update Pada Modul Task Leader:\r\n1. Menambahkan Fitur Edit Task Untuk Leader Tim', '2022-04-20', NULL, '2022-04-22', NULL, 1, 2, 0, NULL, NULL, NULL, NULL, 'Sub1', 0, 18, '2022-04-21 03:58:19', NULL, '2022-04-21 03:58:19'),
	(65, 16, 2, 1, 1, 'Update Nama Sidebar Menu Leader Tim Dan Anggota Tim', 'Melakukan Update Pada Nama Sidebar Menu:\r\n1. Melakukan Update Pada Nama Sidebar Menu "Task" Menjadi "Team Task"  \r\n2. Melakukan Update Pada Nama Sidebar Menu Dari "List Task" Menjadi "MyTask"', '2022-04-20', NULL, '2022-04-22', NULL, 1, 2, 0, NULL, NULL, NULL, NULL, 'Sub1', 0, 18, '2022-04-21 03:59:59', NULL, '2022-04-21 03:59:59'),
	(66, 16, 2, 1, 1, 'Melakukan Update Pada Fitur Notification Note', 'Melakukan Update Pada Fitur Notification Note:\r\n1. Menambahkan 1 Kolom \'Read\' Pada Tabel Database\r\n2. Saat Notifikasi Note Diklik Maka Akan Dibawa Ke Halaman Detail Task/kumpul Tugas (tergantung Role User) Dan Angka Notifikasi Akan Hilang.', '2022-04-20', NULL, '2022-04-22', NULL, 1, 2, 0, NULL, NULL, NULL, NULL, 'Sub1', 0, 18, '2022-04-21 04:02:13', NULL, '2022-04-21 04:02:13'),
	(67, 16, 2, 1, 1, 'Update Pada Modul Client', 'Melakukan Update Pada Modul Client:\r\n1. Menambahkan Fitur Company Client Pada Sidebar Menu Client (dijadikan Drop Down, Antara Halaman Client Serta Halaman Company Client)\r\n2. Gunakan Select2 Pada Saat Menambahkan Ataupun Edit Data Pada Modul Client\r\n3. Saat Akan Menambahkan Client, Data \'Company Client\' Ada Di Bagian Atas Sebelum \'Nama Client\'', '2022-04-20', NULL, '2022-04-22', NULL, 1, 2, 0, NULL, NULL, NULL, NULL, 'Sub1', 0, 18, '2022-04-21 04:05:34', NULL, '2022-04-21 04:05:34'),
	(68, 16, 2, 1, 1, 'Membuat Fitur Report Task', 'Membuat Fitur Untuk Report Task, Dan Berisi Filter:\r\n1. Team\r\n2. Status\r\n3. Client\r\n4. Task\r\n5. Tgl (periode)', '2022-04-20', NULL, '2022-04-22', NULL, 1, 2, 0, NULL, NULL, NULL, NULL, 'Sub1', 0, 18, '2022-04-21 04:09:16', NULL, '2022-04-21 04:09:16'),
	(69, 16, 2, 1, 1, 'Membuat Fitur Report Keuangan', 'Membuat Fitur Report Keuangan Sederhana', '2022-04-20', NULL, '2022-04-22', NULL, 1, 2, 0, NULL, NULL, NULL, NULL, 'Sub1', 0, 18, '2022-04-21 04:10:46', NULL, '2022-04-21 04:10:46'),
	(70, 16, 2, 1, 1, 'Membuat Kategori Menu Pada Sidebar', 'Membuat Tambahkan Kategori Menu Pada Sidebar', '2022-04-20', NULL, '2022-04-22', NULL, 1, 2, 0, NULL, NULL, NULL, NULL, 'Sub1', 0, 18, '2022-04-21 04:11:52', NULL, '2022-04-21 04:11:52'),
	(71, 16, 2, 1, 1, 'Membuat Batasan Ukuran Img', 'Membuat Batasan Ukuran Img Yang Dimaksukkan Kedalam Website Nantinya', '2022-04-20', NULL, '2022-04-22', NULL, 1, 2, 0, NULL, NULL, NULL, NULL, 'Sub1', 0, 18, '2022-04-21 04:12:41', NULL, '2022-04-21 04:12:41'),
	(72, 16, 2, 1, 1, 'Menambahkan Fitur Tom Select JS', 'Menambahkan Fitur Tom Select JS Pada Semua Halaman Yang Menggunakan Input Select (dropdown)', '2022-04-20', NULL, '2022-04-22', NULL, 1, 2, 0, NULL, NULL, NULL, NULL, 'Sub1', 0, 18, '2022-04-21 07:41:46', NULL, '2022-04-21 07:41:46'),
	(73, 22, 4, 9, 1, 'Chek Komp Inka Dan Ups Doni', 'Chek Komp Inka  Ndak Mau Hidup \r\nDan Chek Ups Doni Katanya Nggak Nyimpen Listrik', '2022-04-21', '2022-04-21', '2022-04-21', '2022-06-29', 5, 1, 0, 'Tinggal ups doni harus di ganti batre', 0, 0, '', 'Single', 0, NULL, '2022-04-22 00:22:50', NULL, '2022-04-29 10:05:24'),
	(74, 12, 4, 22, 1, 'Ganti Bateray Asus K52', 'Replace Bateray Laptop Bari', '2022-04-21', '2022-04-21', '2022-04-21', '2022-04-21', 5, 1, 0, 'Sudah antar dan dipasang \r\nDan sudah di terima sama mas bari \r\nTinggal biaya pasang dan harga batre', 0, 0, '', 'Single', 0, NULL, '2022-04-22 02:22:59', NULL, '2022-04-29 10:41:46'),
	(77, 23, 2, 7, 1, 'Website Membership / Distributor Deit', 'Mengembangkan Website Untuk Website Membership / Distributor. Web Ini Meliputi Beberapa Modul Seperti (', '2022-04-22', NULL, '2022-10-28', NULL, 1, 1, 0, NULL, 0, 0, NULL, 'Group', 1, NULL, '2022-04-23 00:46:42', NULL, '2022-04-29 11:10:03'),
	(118, 24, 2, 7, 1, 'Website Membership Dan Company Profile', 'Membuat Webiste Membership Dan Company Profil Dengan Beberapa Modul Tambahan Seperti', '2022-04-22', NULL, '2022-04-30', NULL, 1, 1, 0, NULL, 0, 0, NULL, 'Group', 1, NULL, '2022-04-23 02:36:46', NULL, '2022-04-23 02:36:46'),
	(119, 24, 2, 7, 1, 'Twertew Edit', 'Ewrtwertwer Deit', '2022-04-25', NULL, '2022-04-30', NULL, 4, 1, 0, '', 0, 0, NULL, 'Sub1', 0, 118, '2022-04-25 15:56:10', NULL, '2022-04-29 10:50:34'),
	(123, 23, 2, 7, 1, 'Sdawda', 'Sdawdasda', '2022-04-27', NULL, '2022-10-28', NULL, 1, 1, 0, NULL, NULL, NULL, NULL, 'Sub1', 0, 77, '2022-04-27 15:13:55', NULL, '2022-04-27 15:13:55'),
	(124, 6, 2, 1, 1, 'Membuat Fitur Manajemen Gallery (CRUD) - Modul Gallery - Level: Admin', 'Wewewe', '2022-05-13', '2022-05-13', '2022-05-28', '2022-05-30', 4, 0, 0, '', 0, 0, NULL, 'Single', 0, NULL, '2022-05-13 14:56:41', NULL, '2022-05-13 14:59:03'),
	(125, 6, 2, 1, 1, 'Relakansaja', 'Wrwrwr', '2022-05-13', '2022-05-13', '2022-05-13', '2022-06-13', 4, 0, 0, '', 0, 0, NULL, 'Single', 0, NULL, '2022-05-13 16:24:32', NULL, '2022-05-13 16:26:51'),
	(126, 8, 2, 1, 1, '4 Bulan', 'Stroke', '2022-05-13', '2022-05-13', '2022-05-30', '2022-07-13', 1, 2, 0, '', 0, 0, NULL, 'Single', 0, NULL, '2022-05-13 16:29:20', NULL, '2022-05-13 16:29:47'),
	(127, 7, 2, 1, 1, '5 Bulan', '% Bulan', '2022-05-13', '2022-05-24', '2022-05-13', '2022-05-24', 4, 2, 0, NULL, 0, 0, NULL, 'Single', 0, NULL, '2022-05-13 16:33:18', NULL, '2022-05-24 14:47:27'),
	(128, 7, 2, 1, 1, '7 Bln', '7 Bln', '2022-05-13', '2022-05-18', '2022-05-13', '2023-01-31', 2, 0, 0, '', 0, 0, NULL, 'Single', 0, NULL, '2022-05-13 16:34:56', NULL, '2022-05-18 15:26:10'),
	(129, 6, 1, 1, 1, 'Asd', 'Asd', '2022-05-18', '2022-05-18', '2022-05-19', '2022-05-18', 5, 0, 0, 'kjjhkjkj', 0, 0, NULL, 'Single', 0, NULL, '2022-05-18 15:27:33', NULL, '2022-05-18 15:28:59'),
	(130, 6, 1, 1, 1, 'Arlan', 'Asd', '2022-05-19', NULL, '2022-05-19', NULL, 1, 0, 0, '', 0, 0, NULL, 'Single', 0, NULL, '2022-05-19 20:34:59', NULL, '2022-05-19 20:34:59');
/*!40000 ALTER TABLE `projects` ENABLE KEYS */;

-- Dumping structure for table balinet_task.users
CREATE TABLE IF NOT EXISTS `users` (
  `id` bigint(20) NOT NULL AUTO_INCREMENT,
  `nama` varchar(150) NOT NULL,
  `email` varchar(50) NOT NULL,
  `status` int(11) NOT NULL,
  `password` text NOT NULL,
  `is_member` int(11) DEFAULT '0',
  `can_add_task` int(2) DEFAULT '0',
  `created_at` timestamp NULL DEFAULT NULL,
  `updated_at` timestamp NULL DEFAULT NULL,
  PRIMARY KEY (`id`)
) ENGINE=InnoDB AUTO_INCREMENT=50 DEFAULT CHARSET=utf8mb4;

-- Dumping data for table balinet_task.users: ~34 rows (approximately)
/*!40000 ALTER TABLE `users` DISABLE KEYS */;
INSERT INTO `users` (`id`, `nama`, `email`, `status`, `password`, `is_member`, `can_add_task`, `created_at`, `updated_at`) VALUES
	(1, 'Admin', 'admin@gmail.com', 1, '$2y$10$DbRjI4X1YT3q33BtuxVPTONj0BV9.CvJzWVnXrj8vobeKhBszX4ry', 0, NULL, '2022-03-23 09:03:48', '2022-04-10 08:47:58'),
	(2, 'Manajemen', 'manajemen@gmail.com', 1, '$2y$10$cU/52EaBFYl70erPdnxeLOygmhmf7xDGM8rk5R2bmXhiKIBp3R6PW', 0, NULL, '2022-04-09 16:15:25', '2022-04-13 00:53:25'),
	(7, 'Arya', 'arya@gmail.com', 1, '$2y$10$LnezRbv.Mljricq8Pd1/Bu8rx2Yknn/9zYShcnxlYgCX.0XyrpBUq', 0, NULL, '2022-04-09 16:25:36', '2022-04-10 08:58:03'),
	(9, 'Danang Sepprian Mukhti', 'danang@gmail.com', 1, '$2y$10$PuxHceK43.zTB6hjTwqETOyHauuxDrR5x87yRhRCXd/KXYedDa2eC', 0, NULL, '2022-04-09 16:32:40', '2022-04-15 03:39:41'),
	(16, 'Sulistyadewi', 'sulistyadewi@gmail.com', 1, '$2y$10$LnezRbv.Mljricq8Pd1/Bu8rx2Yknn/9zYShcnxlYgCX.0XyrpBUq', 0, NULL, '2022-04-10 09:01:00', '2022-04-20 04:45:18'),
	(17, 'Bagus Priatmaja', 'bagus@gmail.com', 1, '$2y$10$DbRjI4X1YT3q33BtuxVPTONj0BV9.CvJzWVnXrj8vobeKhBszX4ry', 0, NULL, '2022-04-10 09:04:44', '2022-04-16 07:12:05'),
	(19, 'Fairdy', 'fairdy@gmail.com', 1, '$2y$10$WXB4GlffsCqB.yOt.Ckl5.P2wPcB6vMVzIpIXRCLoRnmNy1hldu5i', 1, NULL, '2022-04-13 01:37:18', '2022-04-13 01:37:18'),
	(20, 'Yayasan Senyum', 'senyum@gmail.com', 1, '$2y$10$lYwjr80EaS8h5rqQurVFme.lNgSYpc.TDZLw.Y5NtKNiOYHLqMHvy', 1, NULL, '2022-04-13 02:17:13', '2022-04-13 02:17:13'),
	(21, 'Nia Cak mat', 'nia@gmail.com', 1, '$2y$10$JoStBmsPmrzxdfTOBzo5z.zaqiaGKSduwun7tU3YXMYovuVBEW0li', 1, NULL, '2022-04-13 02:39:27', '2022-04-13 02:39:27'),
	(22, 'Tatit Sulistyo Prabowo', 'tatit.prabowo@gmail.com', 1, '$2y$10$BEqohq/lLQBunlRPF1xtTuT8t0D8529bk83u8XTddzIHU6TJcQZLy', 0, NULL, '2022-04-13 23:22:11', '2022-04-15 02:51:50'),
	(23, 'Yunita Aryani', 'yunita@gmail.com', 1, '$2y$10$hQT/CW.RX72f.Yjx33lQAuk35PVvelNEsstS5BElYoF8ZySsNlHmW', 1, NULL, '2022-04-13 23:23:59', '2022-04-13 23:23:59'),
	(24, 'Krisna Adi', 'krisnaadi@gmail.com', 1, '$2y$10$bFqq1OHJAFSQtne1/ZPKC.L.ZUnbiSvD5u2sPeIbarBbF4fgfb1GW', 0, NULL, '2022-04-14 02:01:46', '2022-04-14 02:04:57'),
	(25, 'Arlan', 'arlan@gmail.com', 1, '$2y$10$.mJeHaoTbbkIIkYU1JgOTOCR2lyIfmMqthZrlNf7rJgwUGBUtW27C', 0, NULL, '2022-04-14 02:27:58', '2022-05-18 15:22:39'),
	(26, 'Adi Warsa', 'adiwarsa@gmail.com', 1, '$2y$10$x674ba9QdNrw1lROXBVjCOFb7JWGScJijYR5rrktGcDQcZ/FpsgXy', 0, NULL, '2022-04-14 03:20:00', '2022-04-14 07:50:14'),
	(27, 'Guswah', 'guswah@gmail.com', 1, '$2y$10$DbRjI4X1YT3q33BtuxVPTONj0BV9.CvJzWVnXrj8vobeKhBszX4ry', 0, NULL, '2022-04-14 03:21:10', '2022-04-14 11:22:55'),
	(28, 'Ngurah Dwi Putra', 'ngurah@gmail.com', 1, '$2y$10$xgMsV4LrNUwP7.GhWwqQEeiI5cFgXoFXiFZFv9KjLc5jep3eUtq/m', 1, NULL, '2022-04-14 06:04:55', '2022-04-14 06:04:55'),
	(29, 'Teguh Otong', 'teguh@gmail.com', 1, '$2y$10$hEAnYLI2l9g4tiP03rxnweDy1I0Fo3beWl7YTIBP9D2L6XvrLFHY2', 1, NULL, '2022-04-14 06:20:49', '2022-04-14 06:20:49'),
	(30, 'Berly', 'berly@gmail.com', 1, '$2y$10$owBQY/0I5E.pHgPMmV7JS.2YX8mvTRrPdpxZQs7EWMD94xAVH73Lq', 1, NULL, '2022-04-15 03:10:27', '2022-04-15 03:10:27'),
	(31, 'Nigel Easton', 'nigel@gmail.com', 1, '$2y$10$W4nC.8ZbeXx2B47CqtP1UOhexFkbbjl4ORKW/Ytf9g9c8MRNVuBWy', 1, NULL, '2022-04-15 03:11:09', '2022-04-15 03:11:09'),
	(32, 'Leo Darsana', 'leo@gmail.com', 1, '$2y$10$431vz276TVJ5PQ08Obde9u9OJ0i6kRN8JjrCDa.fxIpIQyRlDrlVa', 1, NULL, '2022-04-15 03:12:12', '2022-04-15 03:12:12'),
	(33, 'PT. Global Digital Verse', 'globaldigitalverse1@gmail.com', 1, '$2y$10$nN3GZsbtqdFkwCLutSeS7.E2dgWZE.1azCsc6j8ni5y2TI2Cx9Sgu', 1, NULL, '2022-04-16 07:30:32', '2022-04-16 07:30:32'),
	(34, 'Gede Kitara', 'gede@gmail.com', 1, '$2y$10$0.j8uZZ5UJbTdUxNqHORteMaus9iZu.BYwz7OwOCz3253Dqt303x6', 1, NULL, '2022-04-19 01:02:44', '2022-04-19 01:02:44'),
	(35, 'Astrid', 'astrid@globalmanagement.com', 1, '$2y$10$R6rpvCjFPKTNZmt../16l.HoWeGvsVq34E2puYa72EV9FYyFk4ukS', 1, NULL, '2022-04-19 07:49:12', '2022-04-19 07:49:12'),
	(36, 'Mahendra', 'mahendra@gmail.com', 1, '$2y$10$QxqGNuCQMlphKy05YOTbue39pDyjJpanXGJCRn8IX/9HET5w6yPo.', 1, NULL, '2022-04-19 12:53:05', '2022-04-19 12:53:05'),
	(37, 'Kevin', 'kevin@gmail.com', 1, '$2y$10$oW74LyRtl1gsVipJgfsl6.gMhkHnazCSJlz0BW/4KwO/mRRNur0Ry', 1, NULL, '2022-04-20 21:34:56', '2022-04-20 21:34:56'),
	(38, 'Dyah Loka Santi', 'dyah@gmail.com', 1, '$2y$10$c2IDa0kLHpAvWeEMyr.qjuyj0bTgxw/iT/ed1S6DPKbrGMRLA4b.K', 1, NULL, '2022-04-20 23:55:26', '2022-04-20 23:55:26'),
	(39, 'Mata Studio', 'matastudio@gmail.com', 1, '$2y$10$cDWfsfUuoPt3h6IKmHIO3.a.D0fCFDRKDY/Sg52nzL.wCD6.V/TTe', 1, NULL, '2022-04-22 00:18:12', '2022-04-22 00:18:12'),
	(40, 'Mukbang', 'mukbang@gmail.com', 1, '$2y$10$rCoc8A5YK2DU77Xlek4Y.uvvKLEZZzjSbKeu88xRcUh3kWLu8TIyG', 1, NULL, '2022-04-23 00:19:11', '2022-04-23 00:19:11'),
	(41, 'GTL', 'gtl@gmail.com', 1, '$2y$10$gbimBxeHUL.1qnZk88FLfeA6YqD4/OxDdz1JbNsZwg7AVhj32WvqG', 1, NULL, '2022-04-23 01:18:00', '2022-04-23 01:18:00'),
	(42, 'Global Podcast bali', 'admin@global.com', 1, '$2y$10$IEpiCxTZpzOWhS62mNnru.6vay6QDWDWgniOXKsYMZnUFJ7zD2hfO', 1, NULL, '2022-04-23 01:18:43', '2022-04-23 01:18:43'),
	(43, 'Global Management', 'admin@globalmanagement.id', 1, '$2y$10$1V.4oegHssmMaVLFOAPXYezkT81k1Kh.tgiW0.acKhD1PSiEoQdA.', 1, NULL, '2022-04-23 01:19:37', '2022-04-23 01:19:37'),
	(44, 'Villah Nusatrip', 'villah@gmail.com', 1, '$2y$10$fv4R0ZXk/QI3pDij51YEfu/Z9Bi1ks4MdRx4BZhTDugwkKjsMtJZe', 1, NULL, '2022-04-23 02:41:20', '2022-04-23 02:41:20'),
	(45, 'haha', 'haha@gmail.com', 1, '$2y$10$YY68AM5MGNpmXJVFGe1m3uyEVFzWOnNriULp4e8beYcWvVsQ7.7mW', 1, NULL, '2022-05-20 10:05:38', '2022-05-20 10:05:38'),
	(49, 'adimet', 'akuntumbal3339@gmail.com', 1, '$2y$10$boumaI8tEBywf6sTxqtQ3uIfVx3p03qPdxq0hdGNBp1W97lc0m0mK', 0, 1, '2022-05-21 12:43:46', '2022-05-24 14:09:24');
/*!40000 ALTER TABLE `users` ENABLE KEYS */;

-- Dumping structure for table balinet_task.user_details
CREATE TABLE IF NOT EXISTS `user_details` (
  `id` bigint(20) NOT NULL AUTO_INCREMENT,
  `user_id` bigint(20) NOT NULL,
  `perusahaan_id` bigint(20) NOT NULL,
  `divisi_id` bigint(20) NOT NULL,
  `role` int(11) NOT NULL,
  `no_telp` varchar(20) DEFAULT NULL,
  `alamat` text,
  `nip` varchar(225) DEFAULT NULL,
  `foto` text,
  `status` int(11) NOT NULL,
  `created_at` timestamp NULL DEFAULT NULL,
  `updated_at` timestamp NULL DEFAULT NULL,
  PRIMARY KEY (`id`)
) ENGINE=InnoDB AUTO_INCREMENT=20 DEFAULT CHARSET=utf8mb4;

-- Dumping data for table balinet_task.user_details: ~14 rows (approximately)
/*!40000 ALTER TABLE `user_details` DISABLE KEYS */;
INSERT INTO `user_details` (`id`, `user_id`, `perusahaan_id`, `divisi_id`, `role`, `no_telp`, `alamat`, `nip`, `foto`, `status`, `created_at`, `updated_at`) VALUES
	(1, 1, 1, 1, 1, '0885241312727', 'Jalan Rajawali No. 15', '11723613', 'https://i.ibb.co/JBPWwRP/logo-Copy-png.png', 1, NULL, '2022-04-14 08:41:57'),
	(2, 2, 1, 1, 2, '0882341567', 'Jl. Pulau Ayu', '1928334', 'PngItem_19051106251409d24f9b1649492125.png', 1, '2022-04-09 16:15:25', '2022-04-10 08:45:49'),
	(4, 7, 1, 2, 3, '08872233311', 'Jalan Nangka', '1928932', 'PngItem_1243434625142ffeb5fb1649492735.png', 1, '2022-04-09 16:25:36', '2022-04-09 16:25:36'),
	(8, 16, 1, 2, 4, NULL, NULL, NULL, 'https://i.ibb.co/sbYKppM/Png-Item-4554713-png.png', 1, '2022-04-10 09:01:00', '2022-04-20 04:45:44'),
	(9, 17, 1, 4, 4, '0888723123', 'Jalan rajawali No. 21', '0918218', 'icons8-juice-6462515a3c47fd31649498684.png', 1, '2022-04-10 09:04:44', '2022-04-14 00:30:23'),
	(11, 9, 1, 4, 3, '081338896229', 'Jln Pulau Ayu No. 27 Denpasar Bali', '3510042009970001', 'https://i.ibb.co/hg3DZGB/yzr-m1-engine-jpg.jpg', 1, NULL, '2022-04-15 03:39:41'),
	(12, 22, 1, 1, 1, '081317747171', 'Denpasar Bali', '001', 'https://i.ibb.co/L1kWZLg/Tatit-jpg.jpg', 1, '2022-04-13 23:22:11', '2022-04-15 02:51:50'),
	(13, 24, 1, 2, 4, '089162361', 'Jl. Pulau Ayu no.20', '190030888', 'teamwork-gc5a4b7b88_192062563d1a857e01649818906.jpg', 1, '2022-04-14 02:01:46', '2022-04-14 02:01:46'),
	(14, 25, 1, 2, 4, '089518213', 'jl.Padang Sambian no.1', '1900129312', 'startup-gbfc902ace_19206256433e9dfa21649820478.jpg', 1, '2022-04-14 02:27:58', '2022-04-14 02:56:10'),
	(15, 26, 1, 2, 4, '0891263167', 'Jl.Pulau Moyo no.56', '189023012', '', 1, '2022-04-14 03:20:00', '2022-04-14 03:20:00'),
	(16, 27, 1, 2, 4, NULL, NULL, NULL, '', 1, '2022-04-14 03:21:10', '2022-04-15 02:29:38'),
	(17, 47, 1, 4, 4, '2312313213', 'asdawd', '3423234234', '', 1, '2022-05-21 12:40:33', '2022-05-21 12:40:33'),
	(18, 48, 1, 4, 4, '345354345', 'asdawdla', '2312413443', '', 1, '2022-05-21 12:41:10', '2022-05-21 12:41:10'),
	(19, 49, 1, 5, 4, '123123', 'asdawd', '321312', '', 1, '2022-05-21 12:43:49', '2022-05-21 12:43:49');
/*!40000 ALTER TABLE `user_details` ENABLE KEYS */;

/*!40101 SET SQL_MODE=IFNULL(@OLD_SQL_MODE, '') */;
/*!40014 SET FOREIGN_KEY_CHECKS=IFNULL(@OLD_FOREIGN_KEY_CHECKS, 1) */;
/*!40101 SET CHARACTER_SET_CLIENT=@OLD_CHARACTER_SET_CLIENT */;
/*!40111 SET SQL_NOTES=IFNULL(@OLD_SQL_NOTES, 1) */;
